Entry,Positive_Topics,Negative_Topics
"I'm really passionate about developing intelligent systems and neural network architectures for my final year project. The field of AI fascinates me because of its potential to solve complex real-world problems. However, I want to avoid working on distributed computing systems as I find the complexity overwhelming. I'm also not interested in network protocols since they seem too theoretical for my taste.","['Artificial Intelligence', 'Neural Networks']","['Distributed Systems', 'Computer Networking']"
"My interest lies in creating immersive virtual environments and augmented reality applications for educational purposes. I find the intersection of technology and learning incredibly exciting. On the other hand, I have no desire to work with blockchain technology or cryptocurrency systems as I find them overly speculative and volatile.","['Virtual Reality', 'Augmented Reality']","['Blockchain']"
"I'm drawn to computer vision projects, particularly those involving image recognition and pattern analysis. The ability to make machines see and understand visual data is what drives my passion. However, I want to steer clear of cybersecurity projects and information security work as I find the constant threat landscape stressful.","['Computer Vision', 'Image Processing', 'Pattern Recognition']","['Cybersecurity', 'Information Security']"
"Working with big data analytics and machine learning algorithms appeals to me greatly for my capstone project. I enjoy the challenge of extracting meaningful insights from large datasets. Unfortunately, I'm not interested in embedded systems or electronics hardware as I prefer software-focused projects.","['Big Data Analysis', 'Machine Learning', 'Data Analytics']","['Embedded Systems', 'Electronics']"
"I'm fascinated by human-computer interaction design and user experience research methodologies. Creating intuitive interfaces that improve people's digital experiences is my goal. However, I want to avoid signal processing and antenna design projects as they involve too much mathematical complexity for my liking.","['Human-Computer Interaction', 'User Experience (UX)', 'Interaction Design']","['Signal Processing', 'Antenna Design']"
"My passion lies in developing mobile applications and exploring the Internet of Things ecosystem. I love how these technologies connect and enhance our daily lives. I'm not interested in working on database management systems or data mining projects as I find them too backend-focused.","['Mobile Application Development', 'Internet of Things']","['Databases', 'Data Mining']"
"I'm excited about robotics and automated systems that can perform complex tasks autonomously. The mechanical and software integration challenges really appeal to me. However, I want to avoid cloud computing and distributed systems as I prefer working on tangible, physical projects.","['Robotics', 'Automated Test and Measurement Systems']","['Cloud Computing', 'Distributed Systems']"
"Natural language processing and generative AI technologies fascinate me immensely. I want to work on projects that can understand and generate human language. I'm not interested in network security or wireless communication projects as they seem too infrastructure-focused for my taste.","['Natural Language Processing', 'Generative AI']","['Network Security', 'Wireless Communication']"
"I'm passionate about sustainable computing solutions and renewable energy management systems. Environmental technology applications really motivate me to contribute positively. However, I want to avoid working on commercial software projects or e-commerce platforms as I find them less meaningful.","['Green Computing', 'Renewable Energy System Management', 'Environment']","['Commercial Projects', 'E-commerce games']"
"My interest lies in health informatics and medical data analysis applications. I want to use technology to improve healthcare outcomes and patient care. I'm not interested in graphics programming or computer animation projects as they seem too entertainment-focused for my goals.","['Health Informatics', 'Data Analytics']","['Computer Graphics']"
"I'm drawn to studying swarm intelligence and evolutionary computing algorithms for optimization problems. The biological inspiration behind these methods really intrigues me. However, I want to avoid fiber optic sensors and photonic devices as they require specialized hardware knowledge I lack.","['Swarm and Evolutionary Computing', 'Clustering Algorithms & Optimization']","['Fiber Optic Sensor', 'Photonic Devices']"
"Working on smart city technologies and urban computing solutions appeals to me greatly. I believe technology can solve many urban challenges we face today. Unfortunately, I'm not interested in nanomaterials research or materials science projects as they're too chemistry-focused for my computer science background.","['Smart Cities']","['Nanomaterials']"
"I'm fascinated by mixed reality applications and extended reality development platforms. The potential to blend digital and physical worlds excites me tremendously. However, I want to avoid time series analysis and financial modeling projects as I find statistical analysis tedious.","['Mixed Reality', 'Extended Reality']","['Time Series Analysis']"
"My passion lies in developing software engineering methodologies and creating better development tools. I enjoy improving the software creation process itself. I'm not interested in neuroscience applications or brain-computer interfaces as they require too much biological knowledge.","['Software Engineering', 'Software Modeling']","['Neuroscience']"
"I'm excited about working on computational intelligence systems and advanced AI algorithms. The challenge of creating thinking machines really motivates me. However, I want to avoid mobile cellular network projects and telecommunications as they seem too hardware-dependent.","['Computational Intelligence', 'Artificial Intelligence']","['Mobile Cellular Networks']"
"I'm interested in quantum computing research and advanced mathematical algorithms. The theoretical foundations of computation fascinate me deeply. However, I want to avoid working on social media platforms or entertainment applications as they lack intellectual depth.","['No Match']","['No Match']"
"My passion lies in bioinformatics and genetic algorithm development for biological applications. I love the intersection of computer science and life sciences. I'm not interested in financial technology or banking software as I find the business domain uninteresting.","['No Match']","['No Match']"
"I'm drawn to game development and interactive entertainment systems for my final project. Creating engaging digital experiences is what motivates me most. However, I want to avoid academic research projects and theoretical computer science as I prefer practical applications.","['No Match']","['No Match']"
"Working on autonomous vehicle systems and transportation technology appeals to me greatly. I believe self-driving cars will revolutionize society. Unfortunately, I'm not interested in legal technology or compliance software as they seem too regulatory-focused.","['No Match']","['No Match']"
"I'm fascinated by music technology and audio processing applications for creative industries. The artistic potential of technology really excites me. However, I want to avoid manufacturing software and industrial automation as they lack creative expression.","['No Match']","['No Match']"
"My interest lies in developing educational technology and learning management systems. I want to improve how people learn and acquire knowledge. I'm not interested in military applications or defense technology as they conflict with my personal values.","['No Match']","['No Match']"
"I'm excited about working on social impact projects and community-focused technology solutions. Using technology to help society is my primary motivation. However, I want to avoid corporate enterprise software as I find business applications uninspiring.","['No Match']","['No Match']"
"I'm passionate about space technology and astronomical computing applications for my capstone project. The exploration of the universe through technology fascinates me. I'm not interested in retail technology or point-of-sale systems as they seem too commercially focused.","['No Match']","['No Match']"
"Working on agricultural technology and farming automation systems appeals to me significantly. I believe technology can solve food security challenges. Unfortunately, I'm not interested in insurance software or actuarial applications as they involve too much statistical modeling.","['No Match']","['No Match']"
"I'm drawn to marine technology and oceanographic computing applications for research purposes. Understanding our oceans through technology is incredibly important. However, I want to avoid real estate technology and property management software as they lack scientific merit.","['No Match']","['No Match']"
"My passion lies in developing assistive technology and accessibility solutions for disabled users. Creating inclusive technology is deeply meaningful to me. I'm not interested in advertising technology or marketing automation as they seem manipulative.","['No Match']","['No Match']"
"I'm fascinated by weather prediction systems and meteorological computing applications. Climate science and atmospheric modeling really interest me. However, I want to avoid hospitality software and hotel management systems as they're too service-industry focused.","['No Match']","['No Match']"
"I'm excited about working on forensic computing and digital investigation tools. The intersection of technology and justice appeals to me greatly. Unfortunately, I'm not interested in sports analytics or athletic performance software as they seem too niche.","['No Match']","['No Match']"
"Working on linguistic computing and language preservation technology motivates me immensely. I want to help preserve endangered languages through digital means. I'm not interested in fashion technology or textile design software as they're outside my expertise.","['No Match']","['No Match']"
"I'm drawn to creating data visualization tools and interactive analytics dashboards for research. Making complex data understandable is my goal. However, I want to avoid network coding projects and protocol development as they require deep networking knowledge I lack.","['Information Visualization', 'Data Analytics']","['Network Coding']"
"My interest lies in developing deep learning models and neural network architectures for image analysis. The power of AI to understand visual content excites me. I'm not interested in working on information systems or database administration as they seem too maintenance-focused.","['Deep Learning', 'Neural Networks', 'Image Processing']","['Information Systems', 'Databases']"
"I'm passionate about creating automated testing frameworks and quality assurance systems. Ensuring software reliability is crucial for modern applications. However, I want to avoid distributed haptics and tactile feedback systems as they require specialized hardware expertise.","['Automated Test and Measurement Systems', 'Software Engineering']","['Distributed haptics']"
"Working on clustering algorithms and optimization techniques for large-scale problems appeals to me greatly. I enjoy the mathematical challenges involved. Unfortunately, I'm not interested in product design or service design projects as they focus too much on aesthetics over functionality.","['Clustering Algorithms & Optimization', 'Machine Learning Theory']","['Product/Service Design']"
"I'm fascinated by pattern recognition systems and their applications in various domains. The ability to identify meaningful structures in data is powerful. However, I want to avoid qualitative research methods and user studies as I prefer quantitative approaches.","['Pattern Recognition', 'Machine Learning']","['Qualitative study']"
"My passion lies in developing computational solutions for environmental sustainability and green technology. Using computing to protect our planet is meaningful work. I'm not interested in commercial gaming projects or entertainment software as they lack environmental impact.","['Green Computing', 'Environment', 'Operational optimisation for sustainability']","['E-commerce games', 'Commercial Projects']"
"I'm excited about information technology infrastructure and system architecture design. Building robust technical foundations appeals to me. However, I want to avoid antenna design and wireless hardware as they require electrical engineering knowledge I don't possess.","['Information Technology', 'Computer Engineering']","['Antenna Design', 'Wireless Communication']"
"Working on computer science theory and algorithmic complexity analysis motivates me significantly. I enjoy the theoretical foundations of computation. Unfortunately, I'm not interested in fiber optic sensors or photonic devices as they're too physics-focused for my background.","['Computer Science', 'Machine Learning Theory']","['Fiber Optic Sensor', 'Photonic Devices']"
"I'm drawn to developing machine learning applications for real-world problem solving. The practical applications of AI in various industries excite me. However, I want to avoid nanomaterials research and materials science as they require chemistry knowledge I lack.","['Machine Learning', 'Artificial Intelligence']","['Nanomaterials']"
"My interest lies in creating immersive virtual reality experiences and 3D environments. The potential for creating alternate realities is fascinating. I'm not interested in mobile cellular networks or telecommunications infrastructure as they seem too technical and dry.","['Virtual Reality', 'Computer Graphics']","['Mobile Cellular Networks']"
"I'm passionate about cybersecurity research and developing secure computing systems. Protecting digital assets and privacy is increasingly important. However, I want to avoid neuroscience applications and brain-computer interfaces as they require biological expertise I don't have.","['Cybersecurity', 'Information Security']","['Neuroscience']"
"Working on Internet of Things platforms and connected device ecosystems appeals to me greatly. I love how IoT connects the physical and digital worlds. Unfortunately, I'm not interested in time series analysis or temporal data modeling as I find statistical analysis tedious.","['Internet of Things', 'Embedded Systems']","['Time Series Analysis']"
"I'm fascinated by natural language processing and conversational AI development. Creating machines that understand human language is incredibly exciting. However, I want to avoid signal processing and audio analysis as they involve too much mathematical complexity.","['Natural Language Processing', 'Generative AI']","['Signal Processing']"
"My passion lies in developing mobile applications and cross-platform software solutions. I enjoy creating user-friendly applications that people actually use. I'm not interested in distributed systems or cloud architecture as they're too infrastructure-focused for my taste.","['Mobile Application Development', 'Software Engineering']","['Distributed Systems', 'Cloud Computing']"
"I'm excited about working on robotics and autonomous systems for industrial applications. The integration of hardware and software in robotics is fascinating. However, I want to avoid blockchain technology and cryptocurrency systems as they seem overly speculative and volatile.","['Robotics', 'Embedded Systems']","['Blockchain']"
"Working on big data analytics and machine learning for business intelligence appeals to me significantly. I enjoy extracting insights from large datasets. Unfortunately, I'm not interested in computer networking or protocol development as they require deep technical knowledge I lack.","['Big Data Analysis', 'Machine Learning', 'Data Analytics']","['Computer Networking']"
"I'm drawn to human-computer interaction research and user experience design. Creating intuitive interfaces that improve people's lives is my goal. However, I want to avoid electronics hardware and embedded systems as I prefer software-focused projects.","['Human-Computer Interaction', 'User Experience (UX)', 'Interaction Design']","['Electronics', 'Embedded Systems']"
"My interest lies in developing augmented reality applications and mixed reality environments. The potential to enhance reality with digital information excites me. I'm not interested in database management or data mining projects as they seem too backend-focused.","['Augmented Reality', 'Mixed Reality', 'Extended Reality']","['Databases', 'Data Mining']"
"I'm passionate about information visualization and creating interactive data dashboards. Making complex data accessible and understandable is important work. However, I want to avoid network security and cybersecurity as the constant threat landscape seems overwhelming.","['Information Visualization', 'Data Analytics']","['Network Security', 'Cybersecurity']"
"Working on computational intelligence and evolutionary algorithms for optimization problems motivates me greatly. The biological inspiration behind these methods is fascinating. Unfortunately, I'm not interested in commercial projects or business applications as they lack intellectual depth.","['Computational Intelligence', 'Swarm and Evolutionary Computing']","['Commercial Projects']"
"I'm fascinated by computer vision and image processing applications in various domains. The ability to make machines see and understand visual data is powerful. However, I want to avoid wireless communication and mobile networks as they require specialized telecommunications knowledge.","['Computer Vision', 'Image Processing', 'Pattern Recognition']","['Wireless Communication', 'Mobile Cellular Networks']"
"My passion lies in developing software modeling tools and programming language design. I enjoy improving the software development process itself. I'm not interested in health informatics or medical applications as they require domain knowledge I don't possess.","['Software Modeling', 'Software Engineering']","['Health Informatics']"
"I'm excited about working on smart cities technology and urban computing solutions. Using technology to improve city life is meaningful work. However, I want to avoid antenna design and RF engineering as they require electrical engineering expertise I lack.","['Smart Cities', 'Internet of Things']","['Antenna Design']"
"Working on deep learning models and neural network architectures for various applications appeals to me immensely. The power of AI to solve complex problems is exciting. Unfortunately, I'm not interested in operational optimization or sustainability projects as they seem too business-focused.","['Deep Learning', 'Neural Networks', 'Artificial Intelligence']","['Operational optimisation for sustainability']"
"I'm drawn to creating automated test systems and quality assurance frameworks. Ensuring software reliability and performance is crucial. However, I want to avoid distributed haptics and tactile feedback systems as they require specialized hardware knowledge.","['Automated Test and Measurement Systems', 'Software Engineering']","['Distributed haptics']"
"My interest lies in developing clustering algorithms and optimization techniques for machine learning. The mathematical foundations of these methods fascinate me. I'm not interested in e-commerce platforms or gaming applications as they seem too commercially focused.","['Clustering Algorithms & Optimization', 'Machine Learning Theory']","['E-commerce games']"
"I'm passionate about renewable energy systems and green computing solutions. Using technology to address environmental challenges is important work. However, I want to avoid photonic devices and optical computing as they require physics knowledge I don't have.","['Renewable Energy System Management', 'Green Computing', 'Environment']","['Photonic Devices']"
"Working on information security and cybersecurity defense systems motivates me significantly. Protecting digital assets and privacy is increasingly critical. Unfortunately, I'm not interested in fiber optic sensors or optical communication as they're too hardware-focused.","['Information Security', 'Cybersecurity']","['Fiber Optic Sensor']"
"I'm fascinated by generative AI and creative applications of artificial intelligence. The potential for machines to create original content is exciting. However, I want to avoid nanomaterials research and materials science as they require chemistry expertise I lack.","['Generative AI', 'Artificial Intelligence']","['Nanomaterials']"
"My passion lies in developing user experience design and interaction design solutions. Creating intuitive and engaging interfaces is what drives me. I'm not interested in qualitative research methods or user studies as I prefer quantitative approaches.","['User Experience (UX)', 'Interaction Design', 'Human-Computer Interaction']","['Qualitative study']"
"I'm excited about working on pattern recognition systems and machine learning applications. The ability to identify meaningful structures in data is powerful. However, I want to avoid product design and service design as they focus too much on aesthetics over functionality.","['Pattern Recognition', 'Machine Learning']","['Product/Service Design']"
"Working on virtual reality environments and immersive computing experiences appeals to me greatly. Creating alternate realities through technology is fascinating. Unfortunately, I'm not interested in network coding or protocol development as they require deep networking expertise.","['Virtual Reality', 'Computer Graphics']","['Network Coding']"
"I'm drawn to information technology infrastructure and system administration. Building robust technical foundations is important work. However, I want to avoid neuroscience applications and brain-computer interfaces as they require biological knowledge I don't possess.","['Information Technology', 'Computer Engineering']","['Neuroscience']"
"My interest lies in developing mobile applications and cross-platform software solutions. I enjoy creating applications that people actually use in their daily lives. I'm not interested in time series analysis or financial modeling as I find statistical analysis tedious.","['Mobile Application Development', 'Software Engineering']","['Time Series Analysis']"
"I'm passionate about computer science theory and algorithmic complexity analysis. The theoretical foundations of computation are intellectually stimulating. However, I want to avoid mobile cellular networks and telecommunications as they seem too technical and specialized.","['Computer Science', 'Machine Learning Theory']","['Mobile Cellular Networks']"
"Working on Internet of Things platforms and connected device ecosystems motivates me significantly. I love how IoT bridges the physical and digital worlds. Unfortunately, I'm not interested in signal processing or audio analysis as they involve too much mathematical complexity.","['Internet of Things', 'Embedded Systems']","['Signal Processing']"
"I'm fascinated by augmented reality applications and mixed reality development. The potential to enhance reality with digital information is exciting. However, I want to avoid distributed systems and cloud architecture as they're too infrastructure-focused for my taste.","['Augmented Reality', 'Mixed Reality', 'Extended Reality']","['Distributed Systems', 'Cloud Computing']"
"My passion lies in developing natural language processing systems and conversational AI. Creating machines that understand human language is incredibly important. I'm not interested in blockchain technology or cryptocurrency systems as they seem overly speculative.","['Natural Language Processing', 'Generative AI']","['Blockchain']"
"I'm excited about working on robotics and autonomous systems for various applications. The integration of hardware and software in robotics is fascinating. However, I want to avoid computer networking and protocol development as they require deep technical knowledge I lack.","['Robotics', 'Embedded Systems']","['Computer Networking']"
"Working on big data analytics and machine learning for business intelligence appeals to me greatly. I enjoy extracting meaningful insights from large datasets. Unfortunately, I'm not interested in electronics hardware or circuit design as I prefer software-focused projects.","['Big Data Analysis', 'Machine Learning', 'Data Analytics']","['Electronics']"
"I'm drawn to cybersecurity research and developing secure computing systems. Protecting digital assets and privacy is increasingly important in our connected world. However, I want to avoid database management and data mining as they seem too backend-focused.","['Cybersecurity', 'Information Security']","['Databases', 'Data Mining']"
"My interest lies in creating computer vision applications and image processing systems. The ability to make machines see and understand visual content is powerful. I'm not interested in network security or cybersecurity as the constant threat landscape seems overwhelming.","['Computer Vision', 'Image Processing', 'Pattern Recognition']","['Network Security']"
"I'm passionate about human-computer interaction and user experience design. Creating intuitive interfaces that improve people's digital experiences is my goal. However, I want to avoid wireless communication and mobile networks as they require telecommunications expertise I don't have.","['Human-Computer Interaction', 'User Experience (UX)', 'Interaction Design']","['Wireless Communication']"
"Working on computational intelligence and evolutionary algorithms motivates me significantly. The biological inspiration behind these optimization methods is fascinating. Unfortunately, I'm not interested in commercial projects or business applications as they lack intellectual challenge.","['Computational Intelligence', 'Swarm and Evolutionary Computing']","['Commercial Projects']"
"I'm fascinated by information visualization and creating interactive data dashboards. Making complex data accessible and understandable is important work. However, I want to avoid health informatics and medical applications as they require domain knowledge I don't possess.","['Information Visualization', 'Data Analytics']","['Health Informatics']"
"My passion lies in developing software modeling tools and programming methodologies. I enjoy improving the software development process itself. I'm not interested in antenna design or RF engineering as they require electrical engineering expertise I lack.","['Software Modeling', 'Software Engineering']","['Antenna Design']"
"I'm excited about working on deep learning models and neural network architectures. The power of AI to solve complex real-world problems is exciting. However, I want to avoid operational optimization and sustainability projects as they seem too business-focused.","['Deep Learning', 'Neural Networks', 'Artificial Intelligence']","['Operational optimisation for sustainability']"
"Working on smart cities technology and urban computing solutions appeals to me greatly. Using technology to improve city life and infrastructure is meaningful work. Unfortunately, I'm not interested in distributed haptics or tactile feedback systems as they require specialized hardware knowledge.","['Smart Cities', 'Internet of Things']","['Distributed haptics']"
"I'm drawn to developing automated test systems and quality assurance frameworks. Ensuring software reliability and performance is crucial for modern applications. However, I want to avoid e-commerce platforms and gaming applications as they seem too commercially focused.","['Automated Test and Measurement Systems', 'Software Engineering']","['E-commerce games']"
"My interest lies in creating clustering algorithms and optimization techniques for machine learning. The mathematical foundations of these methods fascinate me deeply. I'm not interested in photonic devices or optical computing as they require physics knowledge I don't have.","['Clustering Algorithms & Optimization', 'Machine Learning Theory']","['Photonic Devices']"
"I'm passionate about renewable energy systems and green computing solutions. Using technology to address environmental challenges is important and meaningful work. However, I want to avoid fiber optic sensors and optical communication as they're too hardware-focused.","['Renewable Energy System Management', 'Green Computing', 'Environment']","['Fiber Optic Sensor']"
"Working on generative AI and creative applications of artificial intelligence motivates me significantly. The potential for machines to create original content is exciting. Unfortunately, I'm not interested in nanomaterials research as it requires chemistry expertise I lack.","['Generative AI', 'Artificial Intelligence']","['Nanomaterials']"
"I'm fascinated by pattern recognition systems and their applications across various domains. The ability to identify meaningful structures in data is incredibly powerful. However, I want to avoid qualitative research methods and user studies as I prefer quantitative approaches.","['Pattern Recognition', 'Machine Learning']","['Qualitative study']"
"My passion lies in developing user experience design and interaction design solutions. Creating intuitive and engaging interfaces is what drives my interest in technology. I'm not interested in product design or service design as they focus too much on aesthetics over functionality.","['User Experience (UX)', 'Interaction Design', 'Human-Computer Interaction']","['Product/Service Design']"
"I'm excited about working on virtual reality environments and immersive computing experiences. Creating alternate realities through technology is fascinating and has endless possibilities. However, I want to avoid network coding and protocol development as they require deep networking expertise.","['Virtual Reality', 'Computer Graphics']","['Network Coding']"
"Working on information technology infrastructure and system administration appeals to me greatly. Building robust technical foundations is important for all digital systems. Unfortunately, I'm not interested in neuroscience applications or brain-computer interfaces as they require biological knowledge I don't possess.","['Information Technology', 'Computer Engineering']","['Neuroscience']"
"I'm drawn to developing mobile applications and cross-platform software solutions. I enjoy creating applications that people actually use and benefit from in their daily lives. However, I want to avoid time series analysis and financial modeling as I find statistical analysis tedious.","['Mobile Application Development', 'Software Engineering']","['Time Series Analysis']"
"My interest lies in computer science theory and algorithmic complexity analysis. The theoretical foundations of computation are intellectually stimulating and challenging. I'm not interested in mobile cellular networks or telecommunications as they seem too technical and specialized.","['Computer Science', 'Machine Learning Theory']","['Mobile Cellular Networks']"
"I'm passionate about Internet of Things platforms and connected device ecosystems. I love how IoT technology bridges the physical and digital worlds seamlessly. However, I want to avoid signal processing and audio analysis as they involve too much mathematical complexity.","['Internet of Things', 'Embedded Systems']","['Signal Processing']"
"Working on augmented reality applications and mixed reality development motivates me significantly. The potential to enhance reality with digital information is exciting and transformative. Unfortunately, I'm not interested in distributed systems or cloud architecture as they're too infrastructure-focused.","['Augmented Reality', 'Mixed Reality', 'Extended Reality']","['Distributed Systems', 'Cloud Computing']"
"I'm fascinated by natural language processing systems and conversational AI development. Creating machines that understand and generate human language is incredibly important for the future. However, I want to avoid blockchain technology and cryptocurrency systems as they seem overly speculative.","['Natural Language Processing', 'Generative AI']","['Blockchain']"
"My passion lies in developing robotics and autonomous systems for various applications. The integration of hardware and software in robotics is fascinating and challenging. I'm not interested in computer networking or protocol development as they require deep technical knowledge I lack.","['Robotics', 'Embedded Systems']","['Computer Networking']"
"I'm excited about working on big data analytics and machine learning for business intelligence. I enjoy the challenge of extracting meaningful insights from large, complex datasets. However, I want to avoid electronics hardware and circuit design as I prefer software-focused projects.","['Big Data Analysis', 'Machine Learning', 'Data Analytics']","['Electronics']"
"Working on cybersecurity research and developing secure computing systems appeals to me greatly. Protecting digital assets and privacy is increasingly important in our connected world. Unfortunately, I'm not interested in database management or data mining as they seem too backend-focused.","['Cybersecurity', 'Information Security']","['Databases', 'Data Mining']"
"I'm drawn to creating computer vision applications and image processing systems. The ability to make machines see and understand visual content is powerful and has many applications. However, I want to avoid network security projects as the constant threat landscape seems overwhelming.","['Computer Vision', 'Image Processing', 'Pattern Recognition']","['Network Security']"
"My interest lies in human-computer interaction and user experience design. Creating intuitive interfaces that improve people's digital experiences is my primary goal. I'm not interested in wireless communication and mobile networks as they require telecommunications expertise I don't have.","['Human-Computer Interaction', 'User Experience (UX)', 'Interaction Design']","['Wireless Communication']"
"I'm passionate about computational intelligence and evolutionary algorithms for optimization problems. The biological inspiration behind these methods is fascinating and elegant. However, I want to avoid commercial projects and business applications as they lack intellectual challenge.","['Computational Intelligence', 'Swarm and Evolutionary Computing']","['Commercial Projects']"
"Working on information visualization and creating interactive data dashboards motivates me significantly. Making complex data accessible and understandable is important and valuable work. Unfortunately, I'm not interested in health informatics or medical applications as they require domain knowledge I don't possess.","['Information Visualization', 'Data Analytics']","['Health Informatics']"
"I'm fascinated by software modeling tools and programming language design. I enjoy improving the software development process itself and making it more efficient. However, I want to avoid antenna design and RF engineering as they require electrical engineering expertise I lack.","['Software Modeling', 'Software Engineering']","['Antenna Design']"
"My passion lies in developing deep learning models and neural network architectures for various applications. The power of AI to solve complex real-world problems is exciting and transformative. I'm not interested in operational optimization or sustainability projects as they seem too business-focused.","['Deep Learning', 'Neural Networks', 'Artificial Intelligence']","['Operational optimisation for sustainability']"
"I'm excited about working on smart cities technology and urban computing solutions. Using technology to improve city life and infrastructure is meaningful and impactful work. However, I want to avoid distributed haptics and tactile feedback systems as they require specialized hardware knowledge.","['Smart Cities', 'Internet of Things']","['Distributed haptics']"
"Working on automated test systems and quality assurance frameworks appeals to me greatly. Ensuring software reliability and performance is crucial for modern applications and systems. Unfortunately, I'm not interested in e-commerce platforms or gaming applications as they seem too commercially focused.","['Automated Test and Measurement Systems', 'Software Engineering']","['E-commerce games']"
"I'm drawn to developing clustering algorithms and optimization techniques for machine learning applications. The mathematical foundations of these methods fascinate me deeply and intellectually. However, I want to avoid photonic devices and optical computing as they require physics knowledge I don't have.","['Clustering Algorithms & Optimization', 'Machine Learning Theory']","['Photonic Devices']"
"My interest lies in renewable energy systems and green computing solutions. Using technology to address environmental challenges is important and meaningful work for our planet. I'm not interested in fiber optic sensors or optical communication as they're too hardware-focused.","['Renewable Energy System Management', 'Green Computing', 'Environment']","['Fiber Optic Sensor']"
"I'm passionate about generative AI and creative applications of artificial intelligence. The potential for machines to create original content is exciting and opens new possibilities. However, I want to avoid nanomaterials research as it requires chemistry expertise I lack.","['Generative AI', 'Artificial Intelligence']","['Nanomaterials']"
"Working on pattern recognition systems and their applications across various domains motivates me significantly. The ability to identify meaningful structures in data is incredibly powerful and useful. Unfortunately, I'm not interested in qualitative research methods or user studies as I prefer quantitative approaches.","['Pattern Recognition', 'Machine Learning']","['Qualitative study']"
"I'm fascinated by user experience design and interaction design solutions for digital products. Creating intuitive and engaging interfaces is what drives my interest in technology and design. However, I want to avoid product design and service design as they focus too much on aesthetics over functionality.","['User Experience (UX)', 'Interaction Design', 'Human-Computer Interaction']","['Product/Service Design']"
"My passion lies in developing virtual reality environments and immersive computing experiences. Creating alternate realities through technology is fascinating and has endless creative possibilities. I'm not interested in network coding or protocol development as they require deep networking expertise.","['Virtual Reality', 'Computer Graphics']","['Network Coding']"
"I'm excited about working on information technology infrastructure and system administration projects. Building robust technical foundations is important for all digital systems and applications. However, I want to avoid neuroscience applications and brain-computer interfaces as they require biological knowledge I don't possess.","['Information Technology', 'Computer Engineering']","['Neuroscience']"
"Working on mobile application development and cross-platform software solutions appeals to me greatly. I enjoy creating applications that people actually use and benefit from in their daily lives. Unfortunately, I'm not interested in time series analysis or financial modeling as I find statistical analysis tedious.","['Mobile Application Development', 'Software Engineering']","['Time Series Analysis']"
"I'm drawn to computer science theory and algorithmic complexity analysis for my final project. The theoretical foundations of computation are intellectually stimulating and challenging to work with. However, I want to avoid mobile cellular networks and telecommunications as they seem too technical and specialized.","['Computer Science', 'Machine Learning Theory']","['Mobile Cellular Networks']"
"My interest lies in Internet of Things platforms and connected device ecosystems. I love how IoT technology bridges the physical and digital worlds seamlessly and efficiently. I'm not interested in signal processing or audio analysis as they involve too much mathematical complexity.","['Internet of Things', 'Embedded Systems']","['Signal Processing']"
"I'm passionate about augmented reality applications and mixed reality development for various use cases. The potential to enhance reality with digital information is exciting and transformative for many industries. However, I want to avoid distributed systems and cloud architecture as they're too infrastructure-focused.","['Augmented Reality', 'Mixed Reality', 'Extended Reality']","['Distributed Systems', 'Cloud Computing']"
"Working on natural language processing systems and conversational AI development motivates me significantly. Creating machines that understand and generate human language is incredibly important for the future of technology. Unfortunately, I'm not interested in blockchain technology or cryptocurrency systems as they seem overly speculative.","['Natural Language Processing', 'Generative AI']","['Blockchain']"
"I'm fascinated by robotics and autonomous systems for various industrial and consumer applications. The integration of hardware and software in robotics is fascinating and presents unique challenges. However, I want to avoid computer networking and protocol development as they require deep technical knowledge I lack.","['Robotics', 'Embedded Systems']","['Computer Networking']"
"My passion lies in developing big data analytics and machine learning for business intelligence applications. I enjoy the challenge of extracting meaningful insights from large, complex datasets across various domains. I'm not interested in electronics hardware or circuit design as I prefer software-focused projects.","['Big Data Analysis', 'Machine Learning', 'Data Analytics']","['Electronics']"
"I'm excited about working on cybersecurity research and developing secure computing systems. Protecting digital assets and privacy is increasingly important in our connected world and digital economy. However, I want to avoid database management and data mining as they seem too backend-focused for my interests.","['Cybersecurity', 'Information Security']","['Databases', 'Data Mining']"
"Working on computer vision applications and image processing systems appeals to me greatly. The ability to make machines see and understand visual content is powerful and has many practical applications. Unfortunately, I'm not interested in network security projects as the constant threat landscape seems overwhelming.","['Computer Vision', 'Image Processing', 'Pattern Recognition']","['Network Security']"
"I'm drawn to human-computer interaction and user experience design for digital products. Creating intuitive interfaces that improve people's digital experiences is my primary goal and motivation. However, I want to avoid wireless communication and mobile networks as they require telecommunications expertise I don't have.","['Human-Computer Interaction', 'User Experience (UX)', 'Interaction Design']","['Wireless Communication']"
"My interest lies in computational intelligence and evolutionary algorithms for optimization problems. The biological inspiration behind these methods is fascinating and elegant in its approach. I'm not interested in commercial projects and business applications as they lack intellectual challenge.","['Computational Intelligence', 'Swarm and Evolutionary Computing']","['Commercial Projects']"
"I'm passionate about information visualization and creating interactive data dashboards for research purposes. Making complex data accessible and understandable is important and valuable work for various fields. However, I want to avoid health informatics and medical applications as they require domain knowledge I don't possess.","['Information Visualization', 'Data Analytics']","['Health Informatics']"
"Working on software modeling tools and programming language design motivates me significantly. I enjoy improving the software development process itself and making it more efficient and accessible. Unfortunately, I'm not interested in antenna design or RF engineering as they require electrical engineering expertise I lack.","['Software Modeling', 'Software Engineering']","['Antenna Design']"
"I'm fascinated by deep learning models and neural network architectures for various applications. The power of AI to solve complex real-world problems is exciting and transformative for many industries. However, I want to avoid operational optimization and sustainability projects as they seem too business-focused.","['Deep Learning', 'Neural Networks', 'Artificial Intelligence']","['Operational optimisation for sustainability']"
"My passion lies in developing smart cities technology and urban computing solutions. Using technology to improve city life and infrastructure is meaningful and impactful work for society. I'm not interested in distributed haptics or tactile feedback systems as they require specialized hardware knowledge.","['Smart Cities', 'Internet of Things']","['Distributed haptics']"
"I'm excited about working on automated test systems and quality assurance frameworks. Ensuring software reliability and performance is crucial for modern applications and systems in various domains. However, I want to avoid e-commerce platforms and gaming applications as they seem too commercially focused.","['Automated Test and Measurement Systems', 'Software Engineering']","['E-commerce games']"
"Working on clustering algorithms and optimization techniques for machine learning applications appeals to me greatly. The mathematical foundations of these methods fascinate me deeply and intellectually challenge me. Unfortunately, I'm not interested in photonic devices or optical computing as they require physics knowledge I don't have.","['Clustering Algorithms & Optimization', 'Machine Learning Theory']","['Photonic Devices']"
"I'm drawn to renewable energy systems and green computing solutions for environmental sustainability. Using technology to address environmental challenges is important and meaningful work for our planet's future. However, I want to avoid fiber optic sensors and optical communication as they're too hardware-focused.","['Renewable Energy System Management', 'Green Computing', 'Environment']","['Fiber Optic Sensor']"
"My interest lies in generative AI and creative applications of artificial intelligence systems. The potential for machines to create original content is exciting and opens new possibilities across industries. I'm not interested in nanomaterials research as it requires chemistry expertise I lack.","['Generative AI', 'Artificial Intelligence']","['Nanomaterials']"
"I'm passionate about pattern recognition systems and their applications across various domains. The ability to identify meaningful structures in data is incredibly powerful and useful for solving problems. However, I want to avoid qualitative research methods and user studies as I prefer quantitative approaches.","['Pattern Recognition', 'Machine Learning']","['Qualitative study']"
"Working on user experience design and interaction design solutions for digital products motivates me significantly. Creating intuitive and engaging interfaces is what drives my interest in technology and design principles. Unfortunately, I'm not interested in product design or service design as they focus too much on aesthetics over functionality.","['User Experience (UX)', 'Interaction Design', 'Human-Computer Interaction']","['Product/Service Design']"
"I'm fascinated by virtual reality environments and immersive computing experiences for various applications. Creating alternate realities through technology is fascinating and has endless creative possibilities for entertainment and education. However, I want to avoid network coding and protocol development as they require deep networking expertise.","['Virtual Reality', 'Computer Graphics']","['Network Coding']"
"My passion lies in information technology infrastructure and system administration projects. Building robust technical foundations is important for all digital systems and applications in modern organizations. I'm not interested in neuroscience applications or brain-computer interfaces as they require biological knowledge I don't possess.","['Information Technology', 'Computer Engineering']","['Neuroscience']"
"I'm excited about working on mobile application development and cross-platform software solutions. I enjoy creating applications that people actually use and benefit from in their daily lives and work. However, I want to avoid time series analysis and financial modeling as I find statistical analysis tedious.","['Mobile Application Development', 'Software Engineering']","['Time Series Analysis']"
"Working on computer science theory and algorithmic complexity analysis appeals to me greatly. The theoretical foundations of computation are intellectually stimulating and challenging to work with in research. Unfortunately, I'm not interested in mobile cellular networks or telecommunications as they seem too technical and specialized.","['Computer Science', 'Machine Learning Theory']","['Mobile Cellular Networks']"
"I'm drawn to Internet of Things platforms and connected device ecosystems for smart applications. I love how IoT technology bridges the physical and digital worlds seamlessly and efficiently across domains. However, I want to avoid signal processing and audio analysis as they involve too much mathematical complexity.","['Internet of Things', 'Embedded Systems']","['Signal Processing']"
"My interest lies in augmented reality applications and mixed reality development for various use cases. The potential to enhance reality with digital information is exciting and transformative for many industries and applications. I'm not interested in distributed systems or cloud architecture as they're too infrastructure-focused.","['Augmented Reality', 'Mixed Reality', 'Extended Reality']","['Distributed Systems', 'Cloud Computing']"
"I'm passionate about natural language processing systems and conversational AI development for communication. Creating machines that understand and generate human language is incredibly important for the future of technology and society. However, I want to avoid blockchain technology and cryptocurrency systems as they seem overly speculative.","['Natural Language Processing', 'Generative AI']","['Blockchain']"
"Working on robotics and autonomous systems for various industrial and consumer applications motivates me significantly. The integration of hardware and software in robotics is fascinating and presents unique engineering challenges. Unfortunately, I'm not interested in computer networking or protocol development as they require deep technical knowledge I lack.","['Robotics', 'Embedded Systems']","['Computer Networking']"
"I'm fascinated by big data analytics and machine learning for business intelligence and decision making. I enjoy the challenge of extracting meaningful insights from large, complex datasets across various business domains. However, I want to avoid electronics hardware and circuit design as I prefer software-focused projects.","['Big Data Analysis', 'Machine Learning', 'Data Analytics']","['Electronics']"
"My passion lies in developing cybersecurity research and secure computing systems for digital protection. Protecting digital assets and privacy is increasingly important in our connected world and digital economy. I'm not interested in database management or data mining as they seem too backend-focused for my interests.","['Cybersecurity', 'Information Security']","['Databases', 'Data Mining']"
"I'm excited about working on computer vision applications and image processing systems for visual analysis. The ability to make machines see and understand visual content is powerful and has many practical applications. However, I want to avoid network security projects as the constant threat landscape seems overwhelming.","['Computer Vision', 'Image Processing', 'Pattern Recognition']","['Network Security']"
"Working on human-computer interaction and user experience design for digital products appeals to me greatly. Creating intuitive interfaces that improve people's digital experiences is my primary goal and motivation in technology. Unfortunately, I'm not interested in wireless communication and mobile networks as they require telecommunications expertise I don't have.","['Human-Computer Interaction', 'User Experience (UX)', 'Interaction Design']","['Wireless Communication']"
"I'm drawn to computational intelligence and evolutionary algorithms for optimization problems and solutions. The biological inspiration behind these methods is fascinating and elegant in its approach to problem-solving. However, I want to avoid commercial projects and business applications as they lack intellectual challenge.","['Computational Intelligence', 'Swarm and Evolutionary Computing']","['Commercial Projects']"
"My interest lies in information visualization and creating interactive data dashboards for research purposes. Making complex data accessible and understandable is important and valuable work for various fields and applications. I'm not interested in health informatics and medical applications as they require domain knowledge I don't possess.","['Information Visualization', 'Data Analytics']","['Health Informatics']"
"I'm passionate about software modeling tools and programming language design for development efficiency. I enjoy improving the software development process itself and making it more efficient and accessible for developers. However, I want to avoid antenna design and RF engineering as they require electrical engineering expertise I lack.","['Software Modeling', 'Software Engineering']","['Antenna Design']"
"Working on deep learning models and neural network architectures for various applications motivates me significantly. The power of AI to solve complex real-world problems is exciting and transformative for many industries. Unfortunately, I'm not interested in operational optimization and sustainability projects as they seem too business-focused.","['Deep Learning', 'Neural Networks', 'Artificial Intelligence']","['Operational optimisation for sustainability']"
"I'm fascinated by smart cities technology and urban computing solutions for modern infrastructure. Using technology to improve city life and infrastructure is meaningful and impactful work for society's future. However, I want to avoid distributed haptics and tactile feedback systems as they require specialized hardware knowledge.","['Smart Cities', 'Internet of Things']","['Distributed haptics']"
"My passion lies in developing automated test systems and quality assurance frameworks for software reliability. Ensuring software reliability and performance is crucial for modern applications and systems in various domains. I'm not interested in e-commerce platforms and gaming applications as they seem too commercially focused.","['Automated Test and Measurement Systems', 'Software Engineering']","['E-commerce games']"
"I'm excited about working on clustering algorithms and optimization techniques for machine learning applications. The mathematical foundations of these methods fascinate me deeply and intellectually challenge me in solving problems. However, I want to avoid photonic devices and optical computing as they require physics knowledge I don't have.","['Clustering Algorithms & Optimization', 'Machine Learning Theory']","['Photonic Devices']"
"Working on renewable energy systems and green computing solutions for environmental sustainability appeals to me greatly. Using technology to address environmental challenges is important and meaningful work for our planet's future. Unfortunately, I'm not interested in fiber optic sensors and optical communication as they're too hardware-focused.","['Renewable Energy System Management', 'Green Computing', 'Environment']","['Fiber Optic Sensor']"
"I'm drawn to generative AI and creative applications of artificial intelligence systems for content creation. The potential for machines to create original content is exciting and opens new possibilities across industries. However, I want to avoid nanomaterials research as it requires chemistry expertise I lack.","['Generative AI', 'Artificial Intelligence']","['Nanomaterials']"
"My interest lies in pattern recognition systems and their applications across various domains and industries. The ability to identify meaningful structures in data is incredibly powerful and useful for solving complex problems. I'm not interested in qualitative research methods and user studies as I prefer quantitative approaches.","['Pattern Recognition', 'Machine Learning']","['Qualitative study']"
"I'm passionate about user experience design and interaction design solutions for digital products and interfaces. Creating intuitive and engaging interfaces is what drives my interest in technology and design principles. However, I want to avoid product design and service design as they focus too much on aesthetics over functionality.","['User Experience (UX)', 'Interaction Design', 'Human-Computer Interaction']","['Product/Service Design']"
"Working on virtual reality environments and immersive computing experiences for various applications motivates me significantly. Creating alternate realities through technology is fascinating and has endless creative possibilities for entertainment and education. Unfortunately, I'm not interested in network coding and protocol development as they require deep networking expertise.","['Virtual Reality', 'Computer Graphics']","['Network Coding']"
"I'm fascinated by information technology infrastructure and system administration projects for organizational efficiency. Building robust technical foundations is important for all digital systems and applications in modern organizations. However, I want to avoid neuroscience applications and brain-computer interfaces as they require biological knowledge I don't possess.","['Information Technology', 'Computer Engineering']","['Neuroscience']"
"My passion lies in mobile application development and cross-platform software solutions for user accessibility. I enjoy creating applications that people actually use and benefit from in their daily lives and work. I'm not interested in time series analysis and financial modeling as I find statistical analysis tedious.","['Mobile Application Development', 'Software Engineering']","['Time Series Analysis']"
"I'm excited about working on computer science theory and algorithmic complexity analysis for research purposes. The theoretical foundations of computation are intellectually stimulating and challenging to work with in academic research. However, I want to avoid mobile cellular networks and telecommunications as they seem too technical and specialized.","['Computer Science', 'Machine Learning Theory']","['Mobile Cellular Networks']"
"Working on Internet of Things platforms and connected device ecosystems for smart applications appeals to me greatly. I love how IoT technology bridges the physical and digital worlds seamlessly and efficiently across domains. Unfortunately, I'm not interested in signal processing and audio analysis as they involve too much mathematical complexity.","['Internet of Things', 'Embedded Systems']","['Signal Processing']"
"I'm drawn to augmented reality applications and mixed reality development for various use cases and industries. The potential to enhance reality with digital information is exciting and transformative for many industries and applications. However, I want to avoid distributed systems and cloud architecture as they're too infrastructure-focused.","['Augmented Reality', 'Mixed Reality', 'Extended Reality']","['Distributed Systems', 'Cloud Computing']"