SentenceID,SentenceText,Human_Positive_Topics,Human_Negative_Topics,Gemini_Positive_Topics_Str,Gemini_Negative_Topics_Str
1,"I'm really passionate about developing intelligent systems and neural network architectures for my final year project. The field of AI fascinates me because of its potential to solve complex real-world problems. However, I want to avoid working on distributed computing systems as I find the complexity overwhelming. I'm also not interested in network protocols since they seem too theoretical for my taste.","['Artificial Intelligence', 'Neural Networks']","['Distributed Systems', 'Computer Networking']","['Artificial Intelligence', 'Neural Networks']","['Distributed Systems', 'Computer Networking']"
2,"For my capstone project, I'm drawn to creating immersive VR experiences and AR applications that can revolutionize user interaction. The blend of technology and creativity in extended reality really excites me. On the flip side, I'd prefer to skip anything related to fiber optic sensing or photonic device research. These hardware-focused areas don't align with my software development interests.","['Virtual Reality', 'Augmented Reality', 'Extended Reality']","['Fiber Optic Sensor', 'Photonic Devices']","['Virtual Reality', 'Augmented Reality', 'Extended Reality']","['Fiber Optic Sensor', 'Photonic Devices']"
3,"I'm eager to work on sustainable computing solutions and green technology implementations for my thesis. Environmental consciousness combined with technology appeals to me greatly. However, I want to steer clear of blockchain projects and cryptocurrency development. I also find cybersecurity analysis tedious and would rather avoid information security work.","['Green Computing', 'Sustainability']","['Blockchain', 'Cybersecurity', 'Information Security']","['Green Computing', 'Sustainability']","['Blockchain', 'Cybersecurity', 'Information Security']"
4,"My interests lie in developing mobile apps and creating user-friendly interface designs for various platforms. I love the creative aspect of UX/UI work and mobile development. Unfortunately, I'm not keen on diving into big data analytics or statistical analysis projects. Time series forecasting also seems monotonous to me.","['Mobile Application Development', 'UI/UX Design']","['Big Data Analysis', 'Statistics', 'Time Series Analysis']","['Mobile Application Development', 'UI/UX Design']","['Big Data Analysis', 'Statistics', 'Time Series Analysis']"
5,"I'm fascinated by computer vision applications and image analysis techniques for automated systems. The intersection of AI and visual processing really captures my attention. However, I'd rather avoid embedded system programming and IoT device development. Hardware integration projects don't match my software-focused career goals.","['Computer Vision', 'Image Processing']","['Embedded Systems', 'Internet of Things']","['Computer Vision', 'Image Processing', 'Artificial Intelligence']","['Embedded Systems', 'Internet of Things']"
6,"For my final project, I want to explore machine learning algorithms and deep neural network implementations. The mathematical beauty of learning algorithms really motivates me. But I'm not interested in wireless communication protocols or mobile network optimization. These networking topics feel too removed from my core interests.","['Machine Learning', 'Deep Learning']","['Wireless Communication', 'Mobile Networks']","['Machine Learning', 'Deep Learning', 'Neural Networks']","['Wireless Communication', 'Mobile Networks']"
7,"I'm passionate about developing e-commerce platforms and database management systems for online businesses. The combination of software engineering and commercial applications excites me. However, I want to avoid renewable energy projects and battery management systems. These hardware-oriented fields don't align with my software development focus.","['Software Engineering', 'Databases', 'Commercial Projects']","['Renewable Energy', 'Battery Energy Storage Management']","['E-commerce games', 'Databases', 'Software Engineering', 'Commercial Projects']","['Renewable Energy', 'Battery Energy Storage Management']"
8,"My project interests center around natural language understanding and automated testing frameworks. I find the challenge of making computers understand human language fascinating. On the contrary, I'm not enthusiastic about robotics projects or haptic feedback systems. Physical computing projects seem too complex for my current skill level.","['Natural Language Processing', 'Automated Test and Measurement Systems']","['Robotics', 'Distributed haptics']","['Natural Language Processing', 'Automated Test and Measurement Systems']","['Robotics', 'Distributed haptics']"
9,"I'm excited about working with cloud-based solutions and information system architectures for my thesis. The scalability and modern approach of cloud computing really appeals to me. However, I'd prefer to skip antenna engineering and signal processing work. These electrical engineering aspects are outside my comfort zone.","['Cloud Computing', 'Information Systems']","['Antenna Design', 'Signal Processing']","['Cloud Computing', 'Information Systems']","['Antenna Design', 'Signal Processing']"
10,"For my capstone, I want to focus on pattern recognition systems and computational intelligence algorithms. The problem-solving nature of these fields really motivates me. But I'm not interested in nanomaterial research or ultrasound technology projects. These scientific research areas feel too far from practical software applications.","['Pattern Recognition', 'Computational Intelligence']","['Nanomaterials', 'Ultrasound']","['Pattern Recognition', 'Computational Intelligence']","['Nanomaterials', 'Ultrasound']"
11,"I'm drawn to creating interactive design solutions and human-computer interfaces for accessibility. The user-centered approach of HCI research really resonates with me. However, I want to avoid evolutionary computing and clustering optimization projects. These algorithmic approaches seem too abstract for my practical mindset.","['Human-Computer Interaction', 'Interaction Design']","['Evolutionary Computing', 'Clustering Algorithms & Optimization']","['Interaction Design', 'Human-Computer Interaction']","['Evolutionary Computing', 'Clustering Algorithms & Optimization']"
12,"My interests include developing healthcare applications and data mining techniques for medical systems. The potential to improve lives through technology really drives my passion. Unfortunately, I'm not keen on working with smart transportation systems or network coding protocols. These infrastructure projects don't align with my healthcare focus.","['Healthcare', 'Data Mining']","['Smart Transportation', 'Network Coding']","['Healthcare', 'Data Mining']","['Smart Transportation', 'Network Coding']"
13,"I want to work on information visualization projects and data analytics platforms for my final year. The art of making data meaningful and accessible really excites me. However, I'd rather avoid electronics projects and computer engineering hardware work. Physical system design isn't where my strengths lie.","['Information Visualization', 'Data Analytics']","['Electronics', 'Computer Engineering']","['Information Visualization', 'Data Analytics']","['Electronics', 'Computer Engineering']"
14,"For my thesis, I'm interested in exploring generative AI models and machine learning theory foundations. The cutting-edge nature of AI generation really fascinates me. But I'm not enthusiastic about mixed reality development or TinyML implementations. These specialized areas seem too niche for my broader AI interests.","['Generative AI', 'Machine Learning Theory']","['Mixed Reality', 'TinyML']","['Generative AI', 'Machine Learning Theory']","['Mixed Reality', 'TinyML']"
15,"I'm passionate about software modeling techniques and product design methodologies for user applications. The structured approach to development really appeals to my organized mindset. However, I want to steer clear of neuroscience research and qualitative research methods. These research-heavy fields don't match my development preferences.","['Software Modeling', 'Product Design']","['Neuroscience', 'Qualitative Research']","['Software Modeling', 'Product Design']","['Neuroscience', 'Qualitative Research']"
16,"My project focus is on network security implementations and wireless system architectures. The challenge of securing digital communications really motivates me. On the flip side, I'm not interested in sustainable city planning or environmental computing projects. These policy-oriented topics feel too removed from technical implementation.","['Network Security', 'Wireless Networks']","['Sustainable Cities', 'Environment']","['Network Security', 'Wireless Communication']","['Sustainable Cities', 'Environment']"
17,"I want to explore computer graphics applications and gaming development for entertainment platforms. The creative and technical blend of graphics programming really excites me. However, I'd prefer to avoid data analysis projects and information technology management. These business-oriented aspects don't align with my creative coding interests.","['Computer Graphics', 'E-commerce games']","['Data Analysis', 'Information Technology']","['Computer Graphics', 'Computer Engineering']","['Data Analysis', 'Information Technology']"
18,"I'm interested in quantum computing research and theoretical computer algorithms for my final project. The mathematical elegance of quantum systems really captivates me. Unfortunately, I want to avoid practical software applications and commercial development work. Real-world constraints often limit the theoretical beauty I'm seeking.",['No Match'],"['Software Engineering', 'Commercial Projects']",['Computer Science'],"['Software Engineering', 'Commercial Projects']"
19,"For my capstone, I want to focus on music production software and audio processing algorithms. The intersection of technology and creative arts really appeals to me. However, I'm not keen on machine learning projects or artificial intelligence development. These data-driven approaches feel too impersonal for my artistic sensibilities.",['No Match'],"['Machine Learning', 'Artificial Intelligence']",['Signal Processing'],"['Machine Learning', 'Artificial Intelligence']"
20,My interests lie in developing educational gaming platforms and interactive learning systems for children. The potential to make learning fun through technology really motivates me. But I'd rather avoid cybersecurity work and information security protocols. These defensive computing approaches don't match my creative educational focus.,['No Match'],"['Cybersecurity', 'Information Security']",['E-commerce games'],"['Cybersecurity', 'Information Security']"
21,"I'm passionate about weather forecasting systems and meteorological data processing for climate research. The scientific application of computing to understand nature really excites me. However, I want to steer clear of mobile app development and UI/UX design work. These consumer-focused projects don't align with my scientific interests.",['No Match'],"['Mobile Application Development', 'UI/UX Design']",['Time Series Analysis'],"['Mobile Application Development', 'UI/UX Design']"
22,"For my thesis, I want to explore social media analytics and human behavior prediction through digital footprints. The psychological aspect of technology usage really fascinates me. Unfortunately, I'm not interested in computer vision projects or image processing applications. Visual computing seems too technical and less human-centered.",['No Match'],"['Computer Vision', 'Image Processing']",['Data Analytics'],"['Computer Vision', 'Image Processing']"
23,"I'm drawn to developing financial trading algorithms and stock market prediction systems. The mathematical challenge of market analysis really appeals to my analytical mindset. However, I'd prefer to skip virtual reality development and augmented reality applications. These immersive technologies seem too entertainment-focused for my financial interests.",['No Match'],"['Virtual Reality', 'Augmented Reality']",['Clustering Algorithms & Optimization'],"['Virtual Reality', 'Augmented Reality']"
24,My project interests center around agricultural automation and farming optimization systems. The potential to revolutionize food production through technology really drives me. But I'm not enthusiastic about deep learning research or neural network architectures. These abstract AI concepts feel disconnected from practical farming applications.,['No Match'],"['Deep Learning', 'Neural Networks']",['Robotics'],"['Deep Learning', 'Neural Networks']"
25,"I want to work on space exploration software and satellite communication systems for my final year. The frontier aspect of space technology really captures my imagination. However, I want to avoid cloud computing projects and distributed system architectures. These earthbound networking solutions don't match my cosmic aspirations.",['No Match'],"['Cloud Computing', 'Distributed Systems']",['Wireless Communication'],"['Cloud Computing', 'Distributed Systems']"
26,"For my capstone, I'm interested in developing therapeutic applications and mental health support systems. The humanitarian aspect of technology really resonates with my values. Unfortunately, I'm not keen on blockchain development or cryptocurrency applications. These financial technologies feel too profit-driven for my healthcare focus.",['No Match'],['Blockchain'],['Healthcare'],['Blockchain']
27,"I'm passionate about creating accessibility tools and assistive technology for disabled users. The social impact potential of inclusive design really motivates me. However, I'd rather avoid big data analytics and statistical modeling projects. These number-heavy approaches don't align with my user-centered development philosophy.",['No Match'],"['Big Data Analysis', 'Statistics']",['Interaction Design'],"['Big Data Analysis', 'Statistics']"
28,My interests include developing smart home automation and domestic IoT solutions for modern living. The convenience factor of connected homes really excites my practical mindset. But I'm not interested in pattern recognition research or computational intelligence algorithms. These theoretical approaches seem too academic for my hands-on preferences.,['Internet of Things'],"['Pattern Recognition', 'Computational Intelligence']",['Internet of Things'],"['Pattern Recognition', 'Computational Intelligence']"
29,"I want to explore creative coding projects and algorithmic art generation for digital exhibitions. The artistic expression through programming really appeals to my creative side. However, I'd prefer to skip healthcare applications and medical system development. These life-critical projects carry too much responsibility for my comfort level.",['No Match'],['Healthcare'],['Generative AI'],['Healthcare']
30,"For my thesis, I'm drawn to developing language translation tools and cross-cultural communication platforms. The bridge-building aspect of technology really resonates with my international perspective. Unfortunately, I want to avoid embedded systems programming and hardware integration work. These low-level technical details don't match my high-level communication interests.",['Natural Language Processing'],['Embedded Systems'],['Natural Language Processing'],['Embedded Systems']
31,"I'm interested in creating virtual museum experiences and digital heritage preservation systems. The cultural preservation aspect of technology really motivates my historical interests. However, I'm not enthusiastic about wireless communication protocols or mobile network optimization. These infrastructure projects feel too technical and less culturally meaningful.",['No Match'],"['Wireless Communication', 'Mobile Networks']",['Human-Computer Interaction'],"['Wireless Communication', 'Mobile Networks']"
32,"My project focus is on developing podcast platforms and audio content management systems. The democratization of media through technology really excites my communication interests. But I'd rather avoid renewable energy projects and green computing initiatives. These environmental topics, while important, don't align with my media technology passion.",['No Match'],"['Renewable Energy', 'Green Computing']",['Software Engineering'],"['Renewable Energy', 'Green Computing']"
33,"I want to work on sports analytics platforms and athletic performance tracking systems for my final year. The intersection of technology and physical performance really captures my athletic background. However, I'm not keen on information visualization projects or data analytics dashboards. These presentation-focused tools seem too passive for my action-oriented sports interests.",['No Match'],"['Information Visualization', 'Data Analytics']",['Data Analysis'],"['Information Visualization', 'Data Analytics']"
34,"For my capstone, I'm passionate about developing cooking applications and recipe recommendation systems. The culinary technology intersection really appeals to my foodie interests. Unfortunately, I want to steer clear of automated testing frameworks and software quality assurance. These validation processes seem too rigid for my creative cooking-focused mindset.",['No Match'],['Automated Test and Measurement Systems'],['Machine Learning'],"['Automated Test and Measurement Systems', 'Software Engineering']"
35,"I'm drawn to creating travel planning platforms and geographic information systems for tourism. The exploration aspect of location-based technology really motivates my wanderlust. However, I'd prefer to avoid antenna design projects and signal processing work. These hardware communication aspects don't match my software-focused travel technology interests.",['No Match'],"['Antenna Design', 'Signal Processing']",['Information Systems'],"['Antenna Design', 'Signal Processing']"
36,"My interests lie in developing meditation apps and mindfulness technology for mental wellness. The peaceful application of technology really resonates with my zen philosophy. But I'm not interested in robotics projects or automated system control. These mechanical approaches feel too aggressive for my calm, mindful technology vision.",['No Match'],['Robotics'],['Mobile Application Development'],"['Robotics', 'Automated Test and Measurement Systems']"
37,"I want to explore fashion technology and wearable computing for style applications. The intersection of technology and personal expression really excites my fashion sense. However, I'm not enthusiastic about fiber optic sensors or photonic device research. These optical technologies seem too scientific and less style-focused for my fashion interests.",['No Match'],"['Fiber Optic Sensor', 'Photonic Devices']",['Computer Engineering'],"['Fiber Optic Sensor', 'Photonic Devices']"
38,"For my thesis, I'm interested in developing pet care applications and animal behavior tracking systems. The animal welfare aspect of technology really drives my love for pets. Unfortunately, I want to avoid battery management systems and energy storage solutions. These power-focused projects don't align with my animal-centered technology interests.",['No Match'],['Battery Energy Storage Management'],['Internet of Things'],['Battery Energy Storage Management']
39,"I'm passionate about creating music streaming platforms and audio recommendation algorithms. The personalization of musical experiences through technology really appeals to my music-loving nature. However, I'd rather skip nanomaterial research and materials science applications. These physical science topics feel too removed from my digital music interests.",['No Match'],['Nanomaterials'],['Signal Processing'],['Nanomaterials']
40,My project interests center around developing fitness tracking applications and health monitoring systems. The wellness aspect of personal technology really motivates my health-conscious mindset. But I'm not keen on ultrasound technology or medical imaging systems. These clinical technologies seem too medical and less consumer-wellness focused.,['No Match'],['Ultrasound'],['Healthcare'],['Ultrasound']
41,"I want to work on photography applications and image editing software for creative professionals. The artistic enhancement through technology really excites my creative photography interests. However, I want to avoid smart transportation systems and traffic optimization projects. These infrastructure technologies don't match my individual creative focus.",['No Match'],['Smart Transportation'],['Image Processing'],['Smart Transportation']
42,"For my capstone, I'm drawn to developing book recommendation systems and digital library platforms. The literary technology intersection really resonates with my love of reading. Unfortunately, I'm not interested in network coding protocols or communication optimization. These technical networking aspects feel too mechanical for my literature-focused technology vision.",['No Match'],['Network Coding'],['E-commerce games'],['Network Coding']
43,"I'm interested in creating virtual dating platforms and social connection algorithms for relationship building. The human connection aspect of technology really appeals to my social nature. However, I'd prefer to avoid electronics projects and circuit design work. These hardware components don't align with my software-focused social technology interests.",['No Match'],['Electronics'],['Clustering Algorithms & Optimization'],['Electronics']
44,My interests include developing gardening applications and plant care automation for urban farming. The growth aspect of agricultural technology really motivates my green thumb. But I'm not enthusiastic about computer engineering hardware or system architecture design. These technical infrastructure topics feel too removed from my organic gardening interests.,['No Match'],['Computer Engineering'],['Robotics'],['Computer Engineering']
45,"I want to explore creative writing tools and story generation algorithms for authors. The narrative aspect of computational creativity really captures my literary imagination. However, I want to steer clear of mixed reality development and immersive environment creation. These sensory technologies seem too distracting from the pure written word focus I prefer.",['No Match'],['Mixed Reality'],['Generative AI'],['Mixed Reality']
46,"For my thesis, I'm passionate about developing language learning games and educational linguistics platforms. The pedagogical aspect of language technology really excites my teaching interests. Unfortunately, I'm not keen on TinyML implementations or edge computing solutions. These miniaturized technologies feel too constrained for my expansive language learning vision.",['No Match'],['TinyML'],['Natural Language Processing'],['TinyML']
47,"I'm drawn to creating investment portfolio management systems and financial planning applications. The wealth-building aspect of fintech really appeals to my entrepreneurial mindset. However, I'd rather avoid extended reality projects and immersive computing experiences. These virtual technologies don't match my real-world financial focus.",['No Match'],['Extended Reality'],['Information Systems'],['Extended Reality']
48,My project focus is on developing time management applications and productivity optimization systems. The efficiency aspect of personal technology really motivates my organized personality. But I'm not interested in distributed haptic systems or tactile feedback research. These physical computing interfaces seem too complex for my streamlined productivity tool vision.,['No Match'],['Distributed haptics'],['Mobile Application Development'],['Distributed haptics']
49,"I want to work on news aggregation platforms and journalism support tools for media professionals. The information democratization aspect of technology really drives my communication interests. However, I want to avoid e-commerce gaming and commercial entertainment projects. These profit-focused gaming applications don't align with my serious journalism technology focus.",['No Match'],['E-commerce games'],['Software Engineering'],['E-commerce games']
50,"For my capstone, I'm interested in developing volunteer coordination systems and nonprofit management platforms. The social good aspect of civic technology really resonates with my community service values. Unfortunately, I'm not enthusiastic about sustainability projects or environmental computing initiatives. While important, these ecological topics don't match my direct human service technology interests.",['No Match'],['Sustainability'],['Information Systems'],"['Sustainability', 'Green Computing']"
51,"I'm passionate about creating recipe sharing platforms and culinary social networks for food enthusiasts. The community aspect of food technology really excites my social cooking interests. However, I'd prefer to skip sustainable city planning and urban development systems. These macro-level planning technologies feel too removed from my personal culinary community focus.",['No Match'],['Sustainable Cities'],"['Application Development', 'Mobile Application Development']",['Sustainable Cities']
52,My interests lie in developing sleep tracking applications and rest optimization systems for better health. The wellness aspect of personal monitoring really appeals to my health-conscious lifestyle. But I'm not keen on environmental monitoring systems or ecological data collection. These broader environmental focuses don't align with my personal health technology interests.,['No Match'],['Environment'],"['Application Development', 'Mobile Application Development', 'Healthcare']",['Environment']
53,"I want to explore freelance marketplace platforms and gig economy support systems for independent workers. The economic empowerment aspect of work technology really motivates my entrepreneurial spirit. However, I want to avoid qualitative research methods and social science computing applications. These academic research approaches feel too theoretical for my practical marketplace focus.",['No Match'],['Qualitative Research'],"['Application Development', 'Mobile Application Development']",['Qualitative Research']
54,"For my thesis, I'm drawn to developing virtual concert platforms and live streaming technology for musicians. The performance aspect of entertainment technology really captures my musical background. Unfortunately, I'm not interested in neuroscience applications or brain-computer interface research. These biological computing topics seem too clinical for my artistic performance technology vision.",['No Match'],['Neuroscience'],['Virtual Reality'],['Neuroscience']
55,"I'm interested in creating home security systems and personal safety applications for family protection. The security aspect of domestic technology really drives my protective instincts. However, I'd rather avoid product design methodologies and industrial design systems. These manufacturing-focused approaches don't match my personal security software interests.",['No Match'],['Product Design'],"['Application Development', 'Mobile Application Development']",['Product Design']
56,My project interests center around developing wedding planning applications and event management systems. The celebration aspect of life event technology really appeals to my party-planning nature. But I'm not enthusiastic about software modeling techniques or development methodology tools. These process-focused approaches seem too rigid for my creative event planning technology vision.,['No Match'],['Software Modeling'],"['Application Development', 'Mobile Application Development']",['Software Modeling']
57,"I want to work on language preservation tools and endangered dialect documentation systems for cultural heritage. The preservation aspect of linguistic technology really motivates my cultural consciousness. However, I want to steer clear of information technology management and IT infrastructure projects. These business technology approaches don't align with my cultural preservation focus.",['No Match'],['Information Technology'],['Natural Language Processing'],['Information Technology']
58,"For my capstone, I'm passionate about developing meditation timer applications and spiritual practice support systems. The mindfulness aspect of wellness technology really resonates with my spiritual journey. Unfortunately, I'm not keen on data analysis projects or statistical modeling applications. These quantitative approaches feel too analytical for my intuitive spiritual technology interests.",['No Match'],['Data Analysis'],"['Application Development', 'Mobile Application Development', 'Healthcare']","['Data Analysis', 'Statistics']"
59,"I'm drawn to creating public transportation apps and commuter assistance systems for urban mobility. The accessibility aspect of city technology really excites my public service mindset. However, I'd prefer to avoid information systems architecture and enterprise software development. These corporate technology focuses don't match my public-focused transportation interests.",['No Match'],['Information Systems'],"['Application Development', 'Mobile Application Development', 'Smart Transportation', 'Sustainable Cities']","['Information Systems', 'Software Engineering']"
60,My interests include developing child safety applications and parental control systems for family technology. The protection aspect of family-focused computing really drives my parental instincts. But I'm not interested in cloud computing platforms or distributed service architectures. These infrastructure technologies seem too abstract for my direct family safety focus.,['No Match'],['Cloud Computing'],"['Application Development', 'Mobile Application Development']","['Cloud Computing', 'Distributed Systems']"
61,"I want to explore hobby tracking applications and personal interest management systems for lifestyle enhancement. The personalization aspect of individual technology really appeals to my diverse interests. However, I want to avoid generative AI projects and automated content creation. These artificial creativity approaches don't match my authentic personal hobby focus.",['No Match'],['Generative AI'],"['Application Development', 'Mobile Application Development']",['Generative AI']
62,"For my thesis, I'm interested in developing local business discovery platforms and community commerce systems. The local economy aspect of neighborhood technology really motivates my community-focused values. Unfortunately, I'm not enthusiastic about machine learning theory or algorithmic foundation research. These theoretical approaches feel too academic for my practical local business focus.",['No Match'],['Machine Learning Theory'],"['Application Development', 'Mobile Application Development', 'E-commerce games']",['Machine Learning Theory']
63,"I'm passionate about creating senior care applications and elderly assistance systems for aging support. The caregiving aspect of assistive technology really resonates with my family care experience. However, I'd rather skip interaction design projects and user experience research. These design-focused approaches, while important, don't align with my direct care assistance technology interests.",['No Match'],['Interaction Design'],"['Application Development', 'Mobile Application Development', 'Healthcare']","['Interaction Design', 'UI/UX Design']"
64,My project focus is on developing hobby marketplace platforms and craft sharing systems for creative communities. The maker economy aspect of creative technology really excites my artistic entrepreneurship. But I'm not keen on human-computer interaction research or interface usability studies. These academic HCI approaches seem too theoretical for my practical creative marketplace vision.,['No Match'],['Human-Computer Interaction'],"['Application Development', 'Mobile Application Development', 'E-commerce games']",['Human-Computer Interaction']
65,"I want to work on personal journal applications and memory preservation systems for life documentation. The reflection aspect of personal technology really captures my introspective nature. However, I want to avoid wireless network protocols and communication system optimization. These technical networking topics don't match my personal reflection-focused technology interests.",['No Match'],['Wireless Networks'],"['Application Development', 'Mobile Application Development']","['Wireless Communication', 'Wireless Networks', 'Computer Networking']"
66,"For my capstone, I'm drawn to developing skill-sharing platforms and knowledge exchange systems for peer learning. The educational community aspect of social technology really appeals to my teaching nature. Unfortunately, I'm not interested in network security implementations or cybersecurity defense systems. These protective technologies, while necessary, don't align with my open knowledge-sharing vision.",['No Match'],['Network Security'],"['Application Development', 'Mobile Application Development']","['Network Security', 'Cybersecurity']"
67,"I'm interested in creating memory training applications and cognitive enhancement systems for mental fitness. The brain optimization aspect of wellness technology really motivates my self-improvement mindset. However, I'd prefer to avoid computer graphics projects and visual rendering applications. These artistic computing approaches don't match my functional cognitive training focus.",['No Match'],['Computer Graphics'],"['Application Development', 'Mobile Application Development', 'Healthcare']",['Computer Graphics']
68,My interests lie in developing career counseling platforms and professional development systems for job seekers. The career growth aspect of professional technology really drives my mentorship interests. But I'm not enthusiastic about e-commerce gaming platforms or commercial entertainment systems. These recreational technologies feel too playful for my serious career development focus.,['No Match'],['E-commerce games'],"['Application Development', 'Mobile Application Development', 'Healthcare']","['E-commerce games', 'Commercial Projects']"
69,"I want to explore mental math training applications and arithmetic skill development systems for educational enhancement. The learning optimization aspect of educational technology really excites my tutoring background. However, I want to steer clear of automotive technology and transportation system development. These mechanical engineering applications don't align with my pure educational mathematics focus.",['No Match'],['No Match'],"['Application Development', 'Mobile Application Development']",['Smart Transportation']
70,"For my thesis, I'm passionate about developing personal budgeting tools and financial literacy systems for money management. The financial education aspect of personal finance technology really resonates with my economical mindset. Unfortunately, I'm not keen on space exploration software or astronomical computing applications. These scientific computing topics feel too removed from practical personal finance management.",['No Match'],['No Match'],"['Application Development', 'Mobile Application Development']",['No Match']
71,"I'm drawn to creating habit tracking applications and behavioral change systems for personal development. The self-improvement aspect of wellness technology really appeals to my growth mindset. However, I'd rather avoid quantum computing research and theoretical physics applications. These advanced scientific topics don't match my practical personal development focus.",['No Match'],['No Match'],"['Application Development', 'Mobile Application Development', 'Healthcare']",['No Match']
72,My project interests center around developing gift recommendation systems and celebration planning platforms for special occasions. The joy-bringing aspect of festive technology really motivates my party-planning nature. But I'm not interested in weather forecasting systems or meteorological data processing. These scientific prediction applications seem too serious for my celebratory technology vision.,['No Match'],['No Match'],"['Application Development', 'Mobile Application Development']",['No Match']
73,"I want to work on personal storytelling applications and family history documentation systems for legacy preservation. The narrative aspect of genealogy technology really captures my family-focused interests. However, I want to avoid agricultural automation and farming optimization systems. These industrial applications don't align with my personal family story preservation focus.",['No Match'],['No Match'],"['Application Development', 'Mobile Application Development']",['No Match']
74,"For my capstone, I'm interested in developing language exchange platforms and cultural communication systems for global connection. The international friendship aspect of cross-cultural technology really excites my worldly perspective. Unfortunately, I'm not enthusiastic about therapeutic applications or mental health support systems. These clinical approaches, while valuable, don't match my social cultural exchange focus.",['No Match'],['No Match'],"['Application Development', 'Mobile Application Development']",['Healthcare']
75,"I'm passionate about creating custom playlist generators and music discovery algorithms for personalized listening. The audio curation aspect of entertainment technology really resonates with my DJ background. However, I'd prefer to skip accessibility tools and assistive technology development. These specialized support systems, while important, don't align with my mainstream music entertainment interests.",['No Match'],['No Match'],"['Application Development', 'Mobile Application Development']",['No Match']
76,My interests lie in developing virtual book clubs and reading community platforms for literature enthusiasts. The literary social aspect of reading technology really drives my book-loving nature. But I'm not keen on smart home automation or domestic IoT solutions. These convenience technologies feel too mechanical for my intellectual literary community focus.,['No Match'],['No Match'],"['Application Development', 'Mobile Application Development']",['Internet of Things']
77,"I want to explore personal fitness coaching applications and workout optimization systems for athletic training. The physical improvement aspect of sports technology really appeals to my fitness-focused lifestyle. However, I want to steer clear of creative coding projects and algorithmic art generation. These artistic programming approaches don't match my practical athletic training technology interests.",['No Match'],['No Match'],"['Application Development', 'Mobile Application Development', 'Healthcare']",['No Match']
78,"For my thesis, I'm drawn to developing donation tracking systems and charitable giving platforms for nonprofit support. The social impact aspect of philanthropy technology really motivates my volunteer spirit. Unfortunately, I'm not interested in virtual museum experiences or digital heritage preservation. These cultural preservation projects, while valuable, don't align with my active charitable giving focus.",['No Match'],['No Match'],"['Application Development', 'Mobile Application Development']",['No Match']
79,"I'm interested in creating personal goal tracking applications and achievement motivation systems for life planning. The success optimization aspect of productivity technology really captures my ambitious nature. However, I'd rather avoid podcast platforms and audio content management systems. These media technologies don't match my personal achievement-focused application interests.",['No Match'],['No Match'],"['Application Development', 'Mobile Application Development']",['No Match']
80,My project focus is on developing neighborhood watch applications and community safety systems for local security. The civic protection aspect of community technology really excites my neighborhood involvement. But I'm not enthusiastic about sports analytics platforms or athletic performance tracking. These competitive technologies feel too individualistic for my community-focused safety vision.,['No Match'],['No Match'],"['Application Development', 'Mobile Application Development']",['Data Analysis']
81,"I want to work on recipe cost calculation tools and grocery budget optimization systems for meal planning. The financial efficiency aspect of kitchen technology really appeals to my frugal cooking habits. However, I want to avoid cooking applications and culinary recommendation systems. While food-related, these creative cooking technologies don't match my purely financial meal planning focus.",['No Match'],['No Match'],"['Application Development', 'Mobile Application Development']",['No Match']
82,"For my capstone, I'm passionate about developing family communication platforms and household coordination systems for domestic harmony. The relationship aspect of family technology really resonates with my family-oriented values. Unfortunately, I'm not keen on travel planning platforms or geographic information systems. These exploration technologies don't align with my home-focused family coordination interests.",['No Match'],['No Match'],"['Application Development', 'Mobile Application Development']",['No Match']
83,"I'm drawn to creating personal learning journals and study habit tracking systems for educational improvement. The academic optimization aspect of learning technology really motivates my lifelong learning philosophy. However, I'd prefer to skip meditation apps and mindfulness technology development. These wellness approaches, while beneficial, don't match my academically-focused learning optimization interests.",['No Match'],['No Match'],"['Application Development', 'Mobile Application Development']",['Healthcare']
84,My interests lie in developing local event discovery platforms and community activity systems for neighborhood engagement. The social connection aspect of local technology really drives my community involvement. But I'm not interested in fashion technology or wearable computing applications. These style-focused technologies feel too individualistic for my community-centered local event focus.,['No Match'],['No Match'],"['Application Development', 'Mobile Application Development']",['No Match']
85,"I want to explore personal expense tracking tools and spending analysis systems for financial awareness. The money management aspect of personal finance technology really excites my budgeting mindset. However, I want to steer clear of pet care applications and animal behavior tracking. These animal-focused technologies don't align with my human financial management interests.",['No Match'],['No Match'],"['Application Development', 'Mobile Application Development']",['No Match']
86,"For my thesis, I'm interested in developing skill assessment platforms and competency evaluation systems for professional development. The career advancement aspect of workplace technology really appeals to my professional growth mindset. Unfortunately, I'm not enthusiastic about music streaming platforms or audio recommendation algorithms. These entertainment technologies don't match my serious professional skill development focus.",['No Match'],['No Match'],"['Application Development', 'Mobile Application Development']",['No Match']
87,"I'm passionate about creating volunteer matching systems and service opportunity platforms for community engagement. The civic participation aspect of social good technology really resonates with my service-oriented values. However, I'd rather avoid fitness tracking applications and health monitoring systems. These personal wellness technologies don't align with my community service-focused platform interests.",['No Match'],['No Match'],"['Application Development', 'Mobile Application Development']",['Healthcare']
88,My project interests center around developing personal reflection tools and mindfulness journaling systems for mental clarity. The self-awareness aspect of introspective technology really motivates my contemplative nature. But I'm not keen on photography applications or image editing software. These visual creative technologies feel too external for my internal reflection-focused development interests.,['No Match'],['No Match'],"['Application Development', 'Mobile Application Development']",['Image Processing']
89,"I want to work on local business review platforms and community commerce rating systems for informed shopping. The consumer empowerment aspect of marketplace technology really captures my informed consumer mindset. However, I want to avoid book recommendation systems and digital library platforms. These literary technologies, while valuable, don't match my practical shopping-focused review platform interests.",['No Match'],['No Match'],"['Application Development', 'Mobile Application Development', 'E-commerce games']",['No Match']
90,"For my capstone, I'm drawn to developing personal time tracking applications and productivity analysis systems for efficiency optimization. The workflow improvement aspect of productivity technology really excites my organized personality. Unfortunately, I'm not interested in virtual dating platforms or social connection algorithms. These relationship technologies don't align with my individual productivity-focused time management interests.",['No Match'],['No Match'],"['Application Development', 'Mobile Application Development']",['No Match']
91,"I'm interested in creating home inventory management systems and possession tracking platforms for organization. The asset management aspect of domestic technology really appeals to my organizational nature. However, I'd prefer to skip gardening applications and plant care automation. These growing technologies don't match my static possession management and organization focus.",['No Match'],['No Match'],"['Application Development', 'Mobile Application Development']",['No Match']
92,My interests lie in developing personal finance education platforms and money literacy systems for financial empowerment. The educational aspect of financial technology really drives my teaching instincts about money management. But I'm not enthusiastic about creative writing tools or story generation algorithms. These literary technologies feel too creative for my practical financial education focus.,['No Match'],['No Match'],"['Application Development', 'Mobile Application Development']",['No Match']
93,"I want to explore emergency preparedness applications and disaster response systems for crisis management. The safety aspect of emergency technology really motivates my preparedness mindset. However, I want to steer clear of language learning games and educational linguistics platforms. These academic technologies don't align with my practical emergency preparedness focus.",['No Match'],['No Match'],"['Application Development', 'Mobile Application Development']",['No Match']
94,"For my thesis, I'm passionate about developing personal memory palace tools and memorization enhancement systems for learning efficiency. The cognitive optimization aspect of memory technology really resonates with my study technique interests. Unfortunately, I'm not keen on investment portfolio management or financial planning applications. These money-focused technologies don't match my academic memory enhancement focus.",['No Match'],['No Match'],"['Application Development', 'Mobile Application Development']",['No Match']
95,"I'm drawn to creating neighborhood resource sharing platforms and community asset systems for local sustainability. The collaborative consumption aspect of sharing economy technology really excites my community-minded values. However, I'd rather avoid time management applications and productivity optimization systems. These individual efficiency technologies don't align with my community-focused resource sharing interests.",['No Match'],['No Match'],"['Application Development', 'Mobile Application Development', 'Sustainable Cities']",['Time Series Analysis']
96,My project focus is on developing personal habit formation tools and behavior change tracking systems for self-improvement. The behavioral modification aspect of wellness technology really appeals to my self-development journey. But I'm not interested in news aggregation platforms or journalism support tools. These information technologies feel too external for my internal personal development focus.,['No Match'],['No Match'],"['Application Development', 'Mobile Application Development', 'Healthcare']",['No Match']
97,"I want to work on local skill sharing platforms and neighborhood expertise systems for community knowledge exchange. The peer learning aspect of local education technology really captures my community teaching interests. However, I want to avoid volunteer coordination systems and nonprofit management platforms. These organizational technologies, while worthy, don't match my direct peer-to-peer skill sharing focus.",['No Match'],['No Match'],"['Application Development', 'Mobile Application Development']",['No Match']
98,"For my capstone, I'm interested in developing personal energy tracking applications and daily vitality monitoring systems for wellness optimization. The life force aspect of personal health technology really motivates my holistic wellness approach. Unfortunately, I'm not enthusiastic about recipe sharing platforms or culinary social networks. These food technologies don't align with my broader energy and vitality monitoring interests.",['No Match'],['No Match'],"['Application Development', 'Mobile Application Development', 'Healthcare']","['Application Development', 'Mobile Application Development']"
99,"I'm passionate about creating family tradition documentation systems and heritage preservation platforms for cultural continuity. The legacy aspect of family technology really resonates with my tradition-keeping values. However, I'd prefer to skip sleep tracking applications and rest optimization systems. These biological monitoring technologies don't match my cultural family tradition preservation focus.",['No Match'],['No Match'],"['Application Development', 'Mobile Application Development']",['Healthcare']
100,My interests lie in developing personal learning path optimization tools and educational journey planning systems for academic success. The study strategy aspect of learning technology really drives my academic achievement goals. But I'm not keen on freelance marketplace platforms or gig economy support systems. These work technologies feel too commercial for my academic learning optimization focus.,['No Match'],['No Match'],"['Application Development', 'Mobile Application Development']",['E-commerce games']
101,"I want to explore community garden coordination platforms and shared growing space systems for local food production. The collective agriculture aspect of neighborhood technology really excites my sustainable living values. However, I want to steer clear of virtual concert platforms and live streaming technology. These entertainment technologies don't align with my practical community gardening coordination interests.",['No Match'],['No Match'],"['Application Development', 'Sustainability', 'Sustainable Cities', 'Information Technology']",['No Match']
102,"For my thesis, I'm drawn to developing personal relationship tracking tools and social connection analysis systems for relationship wellness. The human connection aspect of social technology really appeals to my relationship-focused mindset. Unfortunately, I'm not interested in home security systems or personal safety applications. These protection technologies feel too defensive for my positive relationship-building focus.",['No Match'],['No Match'],"['Data Analysis', 'Data Analytics', 'Information Systems', 'Information Technology']",['Information Security']
103,"I'm interested in creating local transportation sharing platforms and community mobility systems for sustainable travel. The collaborative movement aspect of eco-friendly technology really motivates my environmental consciousness. However, I'd rather avoid wedding planning applications and event management systems. These celebration technologies don't match my practical transportation coordination focus.",['No Match'],['No Match'],"['Application Development', 'Sustainability', 'Sustainable Cities', 'Information Technology']",['No Match']
104,My project interests center around developing personal milestone tracking tools and achievement celebration systems for life progress documentation. The accomplishment aspect of personal development technology really captures my goal-oriented personality. But I'm not enthusiastic about language preservation tools or endangered dialect documentation. These linguistic technologies feel too academic for my personal achievement tracking interests.,['No Match'],['No Match'],"['Application Development', 'Information Technology']",['No Match']
105,"I want to work on community skill bartering platforms and local talent exchange systems for neighborly cooperation. The mutual aid aspect of community technology really appeals to my cooperative values. However, I want to avoid meditation timer applications and spiritual practice support systems. These mindfulness technologies don't align with my practical community skill exchange focus.",['No Match'],['No Match'],"['Application Development', 'Information Technology']",['No Match']
106,"For my capstone, I'm passionate about developing personal productivity ritual tools and workflow ceremony systems for enhanced focus. The ritualistic aspect of productivity technology really resonates with my structured work approach. Unfortunately, I'm not keen on public transportation apps or commuter assistance systems. These transit technologies don't match my personal workspace ritual optimization interests.",['No Match'],['No Match'],"['Application Development', 'Information Technology']",['Mobile Application Development']
107,"I'm drawn to creating family recipe preservation platforms and culinary heritage systems for generational cooking knowledge. The tradition aspect of food technology really excites my family cooking heritage. However, I'd prefer to skip child safety applications and parental control systems. These protective technologies feel too restrictive for my open family tradition sharing focus.",['No Match'],['No Match'],"['Application Development', 'Information Technology']",['No Match']
108,My interests lie in developing personal energy management tools and daily rhythm optimization systems for life balance. The biorhythm aspect of wellness technology really motivates my holistic living approach. But I'm not interested in hobby tracking applications or personal interest management systems. These leisure technologies feel too casual for my serious life balance optimization focus.,['No Match'],['No Match'],"['Application Development', 'Information Technology']",['No Match']
109,"I want to explore community storytelling platforms and neighborhood narrative sharing systems for local culture building. The oral tradition aspect of community technology really drives my storytelling passion. However, I want to steer clear of local business discovery platforms and community commerce systems. These commercial technologies don't align with my cultural storytelling focus.",['No Match'],['No Match'],"['Application Development', 'Information Technology']",['E-commerce games']
110,"For my thesis, I'm interested in developing personal learning acceleration tools and knowledge absorption optimization systems for efficient education. The cognitive enhancement aspect of learning technology really appeals to my academic efficiency goals. Unfortunately, I'm not enthusiastic about senior care applications or elderly assistance systems. These caregiving technologies don't match my self-focused learning acceleration interests.",['No Match'],['No Match'],"['Application Development', 'Information Technology']",['No Match']
111,"I'm passionate about creating local environmental monitoring platforms and neighborhood ecology tracking systems for community awareness. The environmental consciousness aspect of civic technology really resonates with my green activism values. However, I'd rather avoid hobby marketplace platforms and craft sharing systems. These commercial creative technologies don't align with my serious environmental monitoring focus.",['No Match'],['No Match'],"['Application Development', 'Environment', 'Information Technology', 'Sustainability', 'Sustainable Cities']",['E-commerce games']
112,My project focus is on developing personal reflection scheduling tools and introspective time management systems for mental wellness. The contemplative aspect of wellness technology really captures my mindful living approach. But I'm not keen on personal journal applications or memory preservation systems. These documentation technologies feel too passive for my active reflection scheduling interests.,['No Match'],['No Match'],"['Application Development', 'Information Technology']",['No Match']
113,"I want to work on community resource optimization platforms and shared asset efficiency systems for sustainable living. The resource conservation aspect of environmental technology really excites my sustainability mindset. However, I want to avoid skill-sharing platforms and knowledge exchange systems. These educational technologies don't match my resource conservation optimization focus.",['No Match'],['No Match'],"['Application Development', 'Environment', 'Information Technology', 'Sustainability', 'Sustainable Cities']",['No Match']
114,"For my capstone, I'm drawn to developing personal habit stacking tools and behavior chain optimization systems for lifestyle improvement. The behavioral engineering aspect of self-improvement technology really motivates my systematic approach to change. Unfortunately, I'm not interested in memory training applications or cognitive enhancement systems. These mental fitness technologies don't align with my behavioral habit formation focus.",['No Match'],['No Match'],"['Application Development', 'Information Technology']",['No Match']
115,"I'm interested in creating family communication rhythm platforms and household harmony scheduling systems for domestic peace. The relationship synchronization aspect of family technology really appeals to my family coordination interests. However, I'd prefer to skip career counseling platforms and professional development systems. These work-focused technologies don't match my family-centered harmony scheduling focus.",['No Match'],['No Match'],"['Application Development', 'Information Technology']",['No Match']
116,My interests lie in developing personal creativity scheduling tools and artistic inspiration management systems for enhanced creative output. The creative productivity aspect of artistic technology really drives my creative work optimization. But I'm not enthusiastic about mental math training applications or arithmetic skill development systems. These academic technologies feel too rigid for my fluid creative scheduling interests.,['No Match'],['No Match'],"['Application Development', 'Information Technology']",['No Match']
117,"I want to explore community celebration coordination platforms and neighborhood festivity planning systems for social bonding. The collective joy aspect of community technology really captures my party-planning spirit for neighborhoods. However, I want to steer clear of personal budgeting tools and financial literacy systems. These money management technologies don't align with my celebratory community coordination focus.",['No Match'],['No Match'],"['Application Development', 'Information Technology']",['No Match']
118,"For my thesis, I'm passionate about developing personal ritual design tools and ceremony creation systems for meaningful life practices. The sacred aspect of personal technology really resonates with my spiritual approach to daily life. Unfortunately, I'm not keen on habit tracking applications and behavioral change systems. These clinical technologies feel too mechanical for my sacred ritual design interests.",['No Match'],['No Match'],"['Product Design', 'Software Modeling']",['No Match']
119,"I'm drawn to creating local wisdom sharing platforms and community elder knowledge systems for intergenerational learning. The wisdom preservation aspect of community technology really excites my respect for elder knowledge. However, I'd rather avoid gift recommendation systems and celebration planning platforms. These commercial celebration technologies don't match my serious wisdom preservation focus.",['No Match'],['No Match'],"['Application Development', 'Information Technology']",['No Match']
120,My project interests center around developing personal flow state optimization tools and peak performance scheduling systems for enhanced productivity. The consciousness aspect of performance technology really appeals to my flow-focused work approach. But I'm not interested in personal storytelling applications or family history documentation systems. These narrative technologies feel too retrospective for my present-moment flow optimization interests.,['No Match'],['No Match'],"['Application Development', 'Information Technology']",['No Match']
121,"I want to work on community healing coordination platforms and neighborhood wellness support systems for collective health. The communal wellness aspect of health technology really motivates my community care values. However, I want to avoid language exchange platforms and cultural communication systems. These communication technologies don't align with my healing-focused community wellness coordination.",['No Match'],['No Match'],"['Healthcare', 'Information Technology']",['No Match']
122,"For my final year project, I'm deeply interested in developing AI-powered solutions and implementing machine learning algorithms for predictive analytics. The mathematical elegance and problem-solving potential of artificial intelligence really excites me. However, I want to avoid working on quantum computing research or theoretical physics applications. I'm also not keen on space exploration software development as these scientific domains feel too abstract for my practical AI interests.","['Artificial Intelligence', 'Machine Learning']",['No Match'],"['Artificial Intelligence', 'Machine Learning']",['No Match']
123,"My capstone project interests revolve around creating immersive VR environments and developing augmented reality applications for educational purposes. The blend of technology and user experience in virtual and mixed reality really captures my imagination. On the flip side, I'd prefer to steer clear of financial trading algorithms and stock market prediction systems. These money-focused projects don't align with my educational technology development goals.","['Virtual Reality', 'Augmented Reality', 'Mixed Reality']",['No Match'],"['Virtual Reality', 'Augmented Reality', 'Extended Reality', 'Mobile Application Development']",['No Match']
124,"I'm passionate about working on cybersecurity implementations and developing robust information security protocols for my thesis project. The challenge of protecting digital assets and understanding network security really motivates me. However, I want to avoid projects involving social media analytics or human behavior prediction systems. These psychological computing areas feel too invasive for my security-focused professional interests.","['Cybersecurity', 'Information Security', 'Network Security']",['No Match'],"['Cybersecurity', 'Information Security', 'Network Security']",['No Match']
125,"For my final year, I'm excited about creating mobile applications and designing intuitive user interfaces that enhance user experience. The creative problem-solving aspect of app development and UI/UX design really resonates with my design sensibilities. Unfortunately, I'm not interested in working with weather forecasting systems or meteorological data processing. These scientific prediction applications don't match my user-centered design focus.","['Mobile Application Development', 'UI/UX Design']",['No Match'],"['Mobile Application Development', 'UI/UX Design']",['No Match']
126,"My project focus is on developing computer vision systems and implementing image processing algorithms for automated recognition tasks. The intersection of AI and visual computing really fascinates me. However, I'd rather avoid projects related to music production software or audio processing algorithms. These creative audio domains don't align with my interest in intelligent visual processing applications.","['Computer Vision', 'Image Processing']",['No Match'],"['Computer Vision', 'Image Processing', 'Artificial Intelligence']",['No Match']
127,"I'm drawn to working on cloud computing platforms and distributed system architectures for scalable applications. The modern infrastructure approach of cloud technologies really excites my technical interests. However, I want to avoid agricultural automation projects or farming optimization systems. These rural technology applications don't match my urban-focused cloud computing vision.","['Cloud Computing', 'Distributed Systems']",['No Match'],"['Cloud Computing', 'Distributed Systems']",['No Match']
128,"For my thesis, I want to focus on natural language processing applications and developing text analysis systems for communication enhancement. The linguistic aspect of computational technology really fascinates me. Unfortunately, I'm not keen on working with therapeutic applications or mental health support systems. These clinical approaches feel too sensitive for my academic language processing interests.",['Natural Language Processing'],['No Match'],"['Natural Language Processing', 'Data Analysis']",['Healthcare']
129,"My capstone interests center around developing database management systems and creating efficient data analytics platforms. The structured approach to information organization really appeals to my systematic mindset. However, I'd prefer to skip creative coding projects and algorithmic art generation. These artistic programming approaches don't align with my data-focused analytical interests.","['Databases', 'Data Analytics']",['No Match'],"['Databases', 'Data Analytics', 'Data Analysis']",['No Match']
130,I'm passionate about working on robotics projects and developing automated control systems for mechanical applications. The intersection of software and hardware in robotic systems really motivates me. But I want to avoid virtual museum experiences or digital heritage preservation projects. These cultural computing applications don't match my mechanical automation interests.,['Robotics'],['No Match'],"['Robotics', 'Automated Test and Measurement Systems']",['No Match']
131,"For my final year, I'm excited about implementing deep learning architectures and exploring neural network optimization techniques. The mathematical beauty of artificial neural systems really captures my imagination. However, I'm not interested in podcast platform development or audio content management systems. These media technologies feel too entertainment-focused for my academic deep learning research.","['Deep Learning', 'Neural Networks']",['No Match'],"['Deep Learning', 'Neural Networks', 'Machine Learning']",['No Match']
132,"My project focus is on developing IoT solutions and creating smart device integration systems for connected environments. The pervasive computing aspect of Internet of Things really excites my vision of interconnected technology. Unfortunately, I want to steer clear of meditation apps or mindfulness technology development. These wellness applications don't align with my technical IoT system interests.",['Internet of Things'],['No Match'],['Internet of Things'],['No Match']
133,"I'm drawn to working on software engineering methodologies and implementing robust development frameworks for large-scale projects. The systematic approach to code organization really resonates with my structured thinking. However, I'd rather avoid fashion technology or wearable computing applications. These style-focused technologies don't match my backend development interests.",['Software Engineering'],['No Match'],['Software Engineering'],['No Match']
134,"For my thesis, I want to explore blockchain implementations and developing decentralized application architectures. The revolutionary potential of distributed ledger technology really motivates my innovative spirit. But I'm not keen on pet care applications or animal behavior tracking systems. These animal-focused technologies feel too niche for my broad blockchain development interests.",['Blockchain'],['No Match'],"['Blockchain', 'Distributed Systems']",['No Match']
135,"My capstone interests revolve around creating information visualization tools and developing interactive data presentation systems. The art of making complex data accessible really appeals to my communication skills. However, I want to avoid cooking applications or recipe recommendation systems. These culinary technologies don't align with my data visualization focus.",['Information Visualization'],['No Match'],"['Information Visualization', 'Data Analysis']",['No Match']
136,"I'm passionate about working on automated testing frameworks and developing quality assurance systems for software reliability. The precision aspect of testing methodology really excites my detail-oriented nature. Unfortunately, I'm not interested in travel planning platforms or geographic information systems. These exploration technologies don't match my software quality assurance interests.",['Automated Test and Measurement Systems'],['No Match'],"['Automated Test and Measurement Systems', 'Software Engineering']",['No Match']
137,"For my final year, I'm excited about developing healthcare applications and implementing medical data analysis systems. The life-improving potential of health technology really drives my humanitarian interests. However, I'd prefer to skip photography applications or image editing software development. These creative visual technologies don't align with my medical application focus.",['Healthcare'],['No Match'],"['Healthcare', 'Data Analysis']",['Image Processing']
138,My project focus is on creating sustainable computing solutions and implementing green technology optimization systems. The environmental consciousness aspect of eco-friendly computing really motivates my conservation values. But I want to avoid book recommendation systems or digital library platforms. These literary technologies feel too academic for my practical sustainability focus.,"['Green Computing', 'Sustainability']",['No Match'],"['Green Computing', 'Sustainability']",['No Match']
139,"I'm drawn to working on pattern recognition algorithms and developing intelligent classification systems for data analysis. The mathematical elegance of recognition patterns really fascinates my analytical mind. However, I'm not keen on virtual dating platforms or social connection algorithms. These relationship technologies don't match my technical pattern analysis interests.",['Pattern Recognition'],['No Match'],"['Pattern Recognition', 'Data Analysis']",['No Match']
140,"For my thesis, I want to explore wireless network protocols and developing mobile communication systems for connectivity enhancement. The invisible infrastructure of wireless technology really captures my technical curiosity. Unfortunately, I want to steer clear of investment portfolio management or financial planning applications. These money-focused technologies don't align with my communication system interests.","['Wireless Networks', 'Mobile Networks']",['No Match'],"['Wireless Communication', 'Mobile Networks', 'Wireless Networks']",['No Match']
141,"My capstone interests center around developing human-computer interaction systems and creating intuitive interface designs for accessibility. The user-centered approach of HCI research really resonates with my empathetic design philosophy. However, I'd rather avoid news aggregation platforms or journalism support tools. These media technologies don't match my direct human interaction focus.","['Human-Computer Interaction', 'Interaction Design']",['No Match'],"['Human-Computer Interaction', 'UI/UX Design']",['No Match']
142,I'm passionate about working on big data analysis techniques and implementing statistical modeling systems for predictive insights. The mathematical power of large-scale data processing really excites my quantitative interests. But I'm not interested in volunteer coordination systems or nonprofit management platforms. These organizational technologies feel too administrative for my data analysis focus.,"['Big Data Analysis', 'Statistics']",['No Match'],"['Big Data Analysis', 'Statistics']",['No Match']
143,"For my final year, I'm excited about creating generative AI systems and developing automated content creation algorithms. The creative potential of artificial intelligence really motivates my innovative spirit. However, I want to avoid recipe sharing platforms or culinary social networks. These food-focused technologies don't align with my AI content generation interests.",['Generative AI'],['No Match'],"['Generative AI', 'Artificial Intelligence']",['No Match']
144,"My project focus is on developing embedded system solutions and creating microcontroller programming applications for hardware integration. The low-level computing aspect of embedded systems really appeals to my technical depth interests. Unfortunately, I'm not keen on sleep tracking applications or rest optimization systems. These wellness technologies don't match my hardware programming focus.",['Embedded Systems'],['No Match'],"['Embedded Systems', 'Computer Engineering']",['No Match']
145,"I'm drawn to working on time series analysis methods and implementing temporal data prediction systems for forecasting applications. The mathematical elegance of time-based patterns really fascinates my analytical thinking. However, I'd prefer to skip freelance marketplace platforms or gig economy support systems. These commercial work technologies don't align with my academic time series research.",['Time Series Analysis'],['No Match'],['Time Series Analysis'],['No Match']
146,"For my thesis, I want to explore network coding techniques and developing efficient data transmission protocols for communication optimization. The mathematical beauty of network theory really captures my theoretical interests. But I want to avoid wedding planning applications or event management systems. These celebration technologies feel too social for my technical network coding focus.",['Network Coding'],['No Match'],['Network Coding'],['No Match']
147,"I'm passionate about developing machine learning models and implementing intelligent data mining algorithms for predictive analytics. The power of artificial intelligence to uncover hidden patterns really excites my analytical mindset. However, I want to avoid working on electronics projects and circuit design implementations. These hardware-focused engineering tasks don't align with my software-centered AI development interests.","['Machine Learning', 'Data Mining', 'Artificial Intelligence']",['Electronics'],"['Machine Learning', 'Data Mining']",['Electronics']
148,"For my final project, I'm excited about creating cloud computing architectures and developing distributed system frameworks for scalable applications. The modern infrastructure approach of cloud technologies really appeals to my system design interests. Unfortunately, I'm not keen on antenna engineering or signal processing implementations. These electrical engineering aspects feel too removed from my software architecture focus.","['Cloud Computing', 'Distributed Systems']","['Antenna Design', 'Signal Processing']","['Cloud Computing', 'Distributed Systems']","['Antenna Design', 'Signal Processing']"
149,"My capstone interests revolve around developing cybersecurity protocols and implementing network security measures for data protection. The challenge of digital defense systems really motivates my security-focused mindset. However, I'd rather avoid renewable energy projects and battery management optimization systems. These power engineering topics don't match my information security specialization.","['Cybersecurity', 'Network Security']","['Renewable Energy', 'Battery Energy Storage Management']","['Cybersecurity', 'Network Security', 'Information Security']","['Renewable Energy', 'Battery Energy Storage Management']"
150,I'm drawn to working on computer vision applications and implementing image processing algorithms for automated recognition tasks. The intersection of AI and visual computing really fascinates my technical curiosity. But I want to steer clear of nanomaterial research and ultrasound technology development. These scientific research domains feel too laboratory-focused for my software development interests.,"['Computer Vision', 'Image Processing']","['Nanomaterials', 'Ultrasound']","['Computer Vision', 'Image Processing']","['Nanomaterials', 'Ultrasound']"
151,"For my thesis, I want to focus on natural language processing systems and developing text analysis frameworks for communication enhancement. The linguistic computational aspect really captures my interdisciplinary interests. However, I'm not interested in working with photonic devices or fiber optic sensor implementations. These optical engineering topics don't align with my text processing focus.",['Natural Language Processing'],"['Photonic Devices', 'Fiber Optic Sensor']",['Natural Language Processing'],"['Photonic Devices', 'Fiber Optic Sensor']"
152,"My project focus is on creating virtual reality environments and developing augmented reality applications for immersive user experiences. The cutting-edge nature of extended reality technology really excites my innovation-driven mindset. Unfortunately, I want to avoid evolutionary computing and clustering optimization algorithms. These abstract mathematical approaches don't match my user-experience focused VR development.","['Virtual Reality', 'Augmented Reality', 'Extended Reality']","['Evolutionary Computing', 'Clustering Algorithms & Optimization']","['Virtual Reality', 'Augmented Reality', 'Extended Reality']","['Evolutionary Computing', 'Clustering Algorithms & Optimization']"
153,"I'm passionate about working on mobile application development and creating intuitive UI/UX designs for user-friendly interfaces. The creative problem-solving aspect of app design really resonates with my artistic technical interests. However, I'd prefer to skip smart transportation systems and wireless communication protocol development. These infrastructure projects feel too systems-level for my application development focus.","['Mobile Application Development', 'UI/UX Design']","['Smart Transportation', 'Wireless Communication']","['Mobile Application Development', 'UI/UX Design']","['Smart Transportation', 'Wireless Communication']"
154,"For my final year, I'm excited about implementing deep learning architectures and exploring neural network optimization for intelligent systems. The mathematical elegance of artificial neural computation really motivates my AI research interests. But I'm not keen on distributed haptic systems or tactile feedback implementations. These physical computing interfaces seem too hardware-intensive for my software-focused deep learning work.","['Deep Learning', 'Neural Networks']",['Distributed haptics'],"['Deep Learning', 'Neural Networks', 'Artificial Intelligence']",['Distributed haptics']
155,"My capstone interests center around developing database management systems and implementing big data analytics platforms for information processing. The structured approach to large-scale data organization really appeals to my systematic thinking. However, I want to avoid e-commerce gaming and commercial entertainment applications. These profit-driven gaming projects don't align with my serious data management focus.","['Databases', 'Big Data Analysis']",['E-commerce games'],"['Databases', 'Big Data Analysis', 'Data Analytics']","['E-commerce games', 'Commercial Projects']"
156,"I'm drawn to working on software engineering methodologies and creating robust application development frameworks for code quality. The systematic approach to development processes really excites my structured programming mindset. Unfortunately, I'm not interested in mixed reality development or TinyML implementations. These specialized computing areas feel too niche for my general software engineering interests.",['Software Engineering'],"['Mixed Reality', 'TinyML']","['Software Engineering', 'Application Development']","['Mixed Reality', 'TinyML']"
157,"For my thesis, I want to explore blockchain implementations and developing information security protocols for decentralized systems. The revolutionary potential of distributed ledger security really fascinates my cryptographic interests. However, I'd rather avoid neuroscience applications and qualitative research methodologies. These biological and social science approaches don't match my technical blockchain development focus.","['Blockchain', 'Information Security']","['Neuroscience', 'Qualitative Research']","['Blockchain', 'Information Security']","['Neuroscience', 'Qualitative Research']"
158,My project focus is on creating automated testing frameworks and implementing software quality assurance systems for reliable applications. The precision aspect of testing methodology really appeals to my detail-oriented programming approach. But I want to steer clear of sustainable cities planning and environmental computing projects. These policy-oriented domains feel too removed from my technical testing focus.,['Automated Test and Measurement Systems'],"['Sustainable Cities', 'Environment']","['Automated Test and Measurement Systems', 'Software Engineering']","['Sustainable Cities', 'Environment', 'Green Computing']"
159,"I'm passionate about working on robotics control systems and developing Internet of Things solutions for connected automation. The integration of physical and digital systems really motivates my mechatronic interests. However, I'm not keen on information technology management or enterprise system administration. These business-focused IT approaches don't align with my hands-on robotics development.","['Robotics', 'Internet of Things']",['Information Technology'],"['Robotics', 'Internet of Things']",['Information Technology']
160,"For my final year, I'm excited about creating healthcare applications and implementing data analytics systems for medical informatics. The life-improving potential of health technology really drives my humanitarian technical interests. Unfortunately, I want to avoid computer graphics and gaming development projects. These entertainment-focused visual technologies don't match my serious healthcare application focus.","['Healthcare', 'Data Analytics']","['Computer Graphics', 'E-commerce games']","['Healthcare', 'Data Analytics']",['Computer Graphics']
161,"My capstone interests revolve around developing pattern recognition algorithms and implementing computational intelligence systems for smart analysis. The mathematical beauty of intelligent pattern detection really captures my AI research passion. However, I'd prefer to skip product design methodologies and software modeling techniques. These process-oriented approaches feel too abstract for my hands-on algorithm development interests.","['Pattern Recognition', 'Computational Intelligence']","['Product Design', 'Software Modeling']","['Pattern Recognition', 'Computational Intelligence', 'Artificial Intelligence']","['Product Design', 'Software Modeling']"
162,I'm drawn to working on information visualization tools and creating interactive data presentation systems for accessible analytics. The art of making complex data understandable really resonates with my communication-focused technical skills. But I'm not interested in wireless network protocols or mobile communication optimization. These infrastructure technologies feel too low-level for my user-facing visualization work.,['Information Visualization'],"['Wireless Networks', 'Mobile Networks']","['Information Visualization', 'Data Analysis']","['Wireless Networks', 'Mobile Networks', 'Wireless Communication']"
163,"For my thesis, I want to focus on green computing solutions and implementing sustainability-focused technology systems for environmental impact. The eco-conscious approach to computing really motivates my environmentally-aware development mindset. However, I want to avoid network coding and distributed communication protocols. These theoretical networking approaches don't align with my practical sustainability implementation focus.","['Green Computing', 'Sustainability']",['Network Coding'],"['Green Computing', 'Sustainability']","['Network Coding', 'Distributed Systems']"
164,"My project focus is on creating human-computer interaction systems and developing interaction design frameworks for accessible technology. The user-centered approach of HCI research really appeals to my empathetic design philosophy. Unfortunately, I'm not keen on computer engineering hardware or electronics system development. These low-level hardware topics don't match my high-level interaction design interests.","['Human-Computer Interaction', 'Interaction Design']","['Computer Engineering', 'Electronics']","['Human-Computer Interaction', 'Interaction Design']","['Computer Engineering', 'Electronics']"
165,"I'm passionate about working on generative AI systems and implementing machine learning theory for creative automation. The innovative potential of artificial creativity really excites my cutting-edge development interests. However, I'd rather avoid time series analysis and statistical modeling projects. These mathematical analysis approaches feel too rigid for my creative AI generation focus.","['Generative AI', 'Machine Learning Theory']","['Time Series Analysis', 'Statistics']","['Generative AI', 'Machine Learning Theory', 'Machine Learning']","['Time Series Analysis', 'Statistics']"
166,"I'm deeply fascinated by artificial intelligence and machine learning algorithms, particularly their application in solving complex optimization problems. The mathematical elegance behind neural network architectures really captures my imagination for my final year project. However, I want to avoid anything related to quantum mechanics simulations or theoretical physics modeling. These scientific computing domains feel too abstract and removed from practical AI applications that I'm passionate about pursuing.","['Artificial Intelligence', 'Machine Learning', 'Neural Networks']",['No Match'],"['Artificial Intelligence', 'Machine Learning', 'Neural Networks']",['No Match']
167,"For my capstone project, I'm excited about developing immersive virtual reality experiences and augmented reality applications for educational training. The blend of cutting-edge technology with user experience design in extended reality really motivates my creative technical interests. On the flip side, I'd prefer to steer clear of biomedical imaging or medical device software development. These healthcare engineering applications seem too specialized and clinical for my entertainment-focused VR development goals.","['Virtual Reality', 'Augmented Reality', 'Extended Reality']",['No Match'],"['Virtual Reality', 'Augmented Reality', 'Extended Reality']",['No Match']
168,"My project interests center around implementing robust cybersecurity frameworks and developing network security protocols for digital asset protection. The challenge of creating impenetrable information security systems really appeals to my problem-solving mindset. However, I want to avoid working on geological survey software or seismic data analysis systems. These earth science applications don't align with my focus on digital security and cyber defense technologies.","['Cybersecurity', 'Network Security', 'Information Security']",['No Match'],"['Cybersecurity', 'Network Security', 'Information Security']",['No Match']
169,"I'm passionate about creating intuitive mobile applications and designing user-friendly interface systems for smartphone platforms. The creative aspect of UI/UX design combined with mobile development really excites my artistic programming interests. Unfortunately, I'm not keen on working with astronomical observation software or space telescope data processing. These astrophysics applications feel too scientific and removed from my consumer-focused app development vision.","['Mobile Application Development', 'UI/UX Design']",['No Match'],"['Mobile Application Development', 'UI/UX Design']",['No Match']
170,"For my thesis, I want to focus on computer vision systems and implementing advanced image processing algorithms for automated recognition tasks. The intersection of artificial intelligence with visual computing really fascinates my technical curiosity. However, I'd rather avoid projects involving ocean current modeling or marine biology simulations. These environmental science applications don't match my interest in intelligent visual processing and recognition systems.","['Computer Vision', 'Image Processing']",['No Match'],"['Computer Vision', 'Image Processing', 'Artificial Intelligence']",['Environment']
171,My capstone interests revolve around developing scalable cloud computing architectures and implementing distributed system frameworks for modern applications. The infrastructure approach of cloud technologies really appeals to my system design mindset. But I want to steer clear of linguistic anthropology software or cultural heritage digitization projects. These humanities-focused applications feel too academic for my technical cloud infrastructure development interests.,"['Cloud Computing', 'Distributed Systems']",['No Match'],"['Cloud Computing', 'Distributed Systems']",['No Match']
172,"I'm drawn to working on natural language processing applications and creating intelligent text analysis systems for communication enhancement. The computational linguistics aspect of NLP really captures my interdisciplinary programming interests. However, I'm not interested in developing archaeological site mapping software or historical artifact cataloging systems. These cultural preservation technologies don't align with my focus on modern language processing applications.",['Natural Language Processing'],['No Match'],['Natural Language Processing'],['No Match']
173,"For my final year, I'm excited about implementing sophisticated database management systems and developing comprehensive data analytics platforms for business intelligence. The structured approach to information organization really motivates my systematic programming mindset. Unfortunately, I want to avoid working on meteorological prediction models or weather simulation systems. These atmospheric science applications feel too specialized for my general data management interests.","['Databases', 'Data Analytics']",['No Match'],"['Databases', 'Data Analytics']",['No Match']
174,"My project focus is on creating advanced robotics control systems and developing automated mechanical solutions for industrial applications. The integration of software and hardware in robotic systems really excites my mechatronic engineering interests. However, I'd prefer to skip paleontology database systems or fossil classification software development. These prehistoric research applications don't match my focus on modern automated robotics solutions.",['Robotics'],['No Match'],['Robotics'],['No Match']
175,I'm passionate about working on deep learning architectures and implementing neural network optimization techniques for intelligent pattern recognition. The mathematical beauty of artificial neural computation really drives my AI research enthusiasm. But I'm not keen on developing genealogy tracking software or family tree analysis systems. These personal history applications feel too niche for my broad artificial intelligence development interests.,"['Deep Learning', 'Neural Networks']",['No Match'],"['Deep Learning', 'Neural Networks', 'Pattern Recognition', 'Artificial Intelligence']",['No Match']
176,"For my thesis, I want to explore Internet of Things solutions and creating smart device integration systems for connected home environments. The pervasive computing aspect of IoT really appeals to my vision of interconnected technology ecosystems. However, I want to avoid working on archaeological excavation planning software or site documentation systems. These historical research applications don't align with my focus on modern smart home automation technologies.",['Internet of Things'],['No Match'],['Internet of Things'],['No Match']
177,"My capstone interests center around developing robust software engineering methodologies and implementing scalable application development frameworks for enterprise solutions. The systematic approach to code architecture really resonates with my structured programming philosophy. Unfortunately, I'm not interested in developing marine navigation software or underwater exploration systems. These nautical applications feel too specialized for my general software development framework interests.",['Software Engineering'],['No Match'],"['Software Engineering', 'Application Development']",['No Match']
178,"I'm drawn to working on innovative blockchain implementations and creating decentralized application architectures for distributed ledger systems. The revolutionary potential of cryptocurrency technology really motivates my fintech development interests. However, I'd rather avoid projects involving wildlife tracking systems or ecological monitoring software. These conservation applications don't match my focus on financial technology and blockchain development.",['Blockchain'],['No Match'],['Blockchain'],['Environment']
179,"For my final year, I'm excited about creating interactive information visualization tools and developing dynamic data presentation systems for analytics dashboards. The art of making complex datasets accessible really appeals to my data communication skills. But I want to steer clear of theological text analysis or religious manuscript digitization projects. These spiritual computing applications feel too academic for my business-focused data visualization interests.",['Information Visualization'],['No Match'],"['Information Visualization', 'Data Analysis']",['No Match']
180,"My project focus is on implementing comprehensive automated testing frameworks and developing quality assurance systems for software reliability validation. The precision aspect of testing methodology really excites my detail-oriented programming approach. However, I'm not keen on working with particle physics simulation software or quantum field theory modeling systems. These theoretical physics applications feel too abstract for my practical software testing and validation focus.",['Automated Test and Measurement Systems'],['No Match'],"['Automated Test and Measurement Systems', 'Software Engineering']",['No Match']
